rep,researcher,region,site,microsite_number,microsite,lat,long,date,temperature,humidity,x,y,z
1,mz,Cuyama,Cuyama_1,1,high,34.84867,-119.48421,05/10/2022,14.86,30.78,310,306,133
2,mz,Cuyama,Cuyama_1,1,high,34.84874,-119.48428,05/10/2022,15.19,30.86,329,275,136
3,mz,Cuyama,Cuyama_1,1,high,34.84882,-119.48426,05/10/2022,14.62,32.71,258,208,122
4,mz,Cuyama,Cuyama_1,1,high,34.84892,-119.48418,05/10/2022,13.18,32.63,301,174,90
5,mz,Cuyama,Cuyama_1,1,high,34.84894,-119.4841,05/10/2022,13.35,32.18,236,190,117
6,mz,Cuyama,Cuyama_1,1,high,34.84896,-119.48405,05/10/2022,13.5,32.52,479,296,188
7,mz,Cuyama,Cuyama_1,1,high,34.84892,-119.48399,05/10/2022,16.04,28.19,543,358,193
8,mz,Cuyama,Cuyama_1,1,high,34.84889,-119.48411,05/10/2022,14.53,30.9,314,220,180
9,mz,Cuyama,Cuyama_1,1,high,34.84882,-119.48412,05/10/2022,15.89,29.26,287,276,132
10,mz,Cuyama,Cuyama_1,1,high,34.84882,-119.48399,05/10/2022,15.87,28.48,470,387,165
11,mz,Cuyama,Cuyama_1,1,high,34.84875,-119.48398,05/10/2022,16.98,27.98,352,280,216
12,mz,Cuyama,Cuyama_1,1,high,34.84874,-119.48393,05/10/2022,16.14,28.03,332,317,162
13,mz,Cuyama,Cuyama_1,1,high,34.84865,-119.48393,05/10/2022,13.57,31.28,490,418,124
14,mz,Cuyama,Cuyama_1,1,high,34.84877,-119.48405,05/10/2022,14.33,29.75,224,183,108
15,mz,Cuyama,Cuyama_1,2,high,34.84901,-119.48436,05/10/2022,19.09,23.3,457,422,127
16,mz,Cuyama,Cuyama_1,2,high,34.84911,-119.48445,05/10/2022,19.5,23.3,404,358,148
17,mz,Cuyama,Cuyama_1,2,high,34.84915,-119.48448,05/10/2022,18.55,24.48,269,254,144
18,mz,Cuyama,Cuyama_1,2,high,34.84922,-119.48441,05/10/2022,19.22,23.57,320,287,132
19,mz,Cuyama,Cuyama_1,2,high,34.84922,-119.48439,05/10/2022,19.72,24.18,367,296,130
20,mz,Cuyama,Cuyama_1,2,high,34.84929,-119.48425,05/10/2022,19.03,24.14,410,365,144
21,mz,Cuyama,Cuyama_1,2,high,34.84934,-119.4842,05/10/2022,19.68,24.57,480,322,153
22,mz,Cuyama,Cuyama_1,2,high,34.84928,-119.48416,05/10/2022,19.86,23.45,266,233,117
23,mz,Cuyama,Cuyama_1,2,high,34.84921,-119.48411,05/10/2022,19.72,23.5,511,450,158
24,mz,Cuyama,Cuyama_1,2,high,34.84917,-119.48407,05/10/2022,18.13,24.61,356,340,130
25,mz,Cuyama,Cuyama_1,2,high,34.84916,-119.4842,05/10/2022,17.34,25.36,329,318,130
26,mz,Cuyama,Cuyama_1,2,high,34.84911,-119.48419,05/10/2022,17.43,24.98,442,383,148
27,mz,Cuyama,Cuyama_1,2,high,34.84904,-119.48426,05/10/2022,16.04,28.64,394,359,154
28,mz,Cuyama,Cuyama_2,1,high,34.85431,-119.48598,05/10/2022,14.22,31.72,339,307,144
29,mz,Cuyama,Cuyama_2,1,high,34.85429,-119.48615,05/10/2022,14.53,29.82,402,253,143
30,mz,Cuyama,Cuyama_2,1,high,34.85437,-119.48611,05/10/2022,16.16,26.97,306,273,162
31,mz,Cuyama,Cuyama_2,1,high,34.85441,-119.48611,05/10/2022,16.9,26.24,304,297,168
32,mz,Cuyama,Cuyama_2,1,high,34.85447,-119.48622,05/10/2022,14.64,30.33,420,320,158
33,mz,Cuyama,Cuyama_2,1,high,34.85453,-119.48618,05/10/2022,15.91,28.9,254,238,122
34,mz,Cuyama,Cuyama_2,1,high,34.85458,-119.48613,05/10/2022,16.81,26.31,357,356,146
35,mz,Cuyama,Cuyama_2,1,high,34.85465,-119.48612,05/10/2022,13.91,30.73,487,418,155
36,mz,Cuyama,Cuyama_2,1,high,34.85471,-119.48601,05/10/2022,15.21,29.11,337,325,160
37,mz,Cuyama,Cuyama_2,1,high,34.8546,-119.48595,05/10/2022,16.38,27.53,357,334,163
38,mz,Cuyama,Cuyama_2,1,high,34.85452,-119.48598,05/10/2022,17.54,25.66,435,419,171
39,mz,Cuyama,Cuyama_2,2,high,34.85379,-119.48594,05/10/2022,17.72,24.63,347,335,185
40,mz,Cuyama,Cuyama_2,2,high,34.85368,-119.48573,05/10/2022,16.31,27.35,376,356,169
41,mz,Cuyama,Cuyama_2,2,high,34.85348,-119.48561,05/10/2022,15.52,28.01,330,313,174
42,mz,Cuyama,Cuyama_2,2,high,34.85355,-119.48567,05/10/2022,17.7,21.71,330,295,166
43,mz,Cuyama,Cuyama_2,2,high,34.8535,-119.48595,05/10/2022,14.05,30.08,156,142,86
44,mz,Cuyama,Cuyama_2,2,high,34.85362,-119.48598,05/10/2022,15.23,30.55,235,231,146
45,mz,Cuyama,Cuyama_2,2,high,34.85356,-119.48605,05/10/2022,15.92,29.15,594,538,213
46,mz,Cuyama,Cuyama_2,2,high,34.85366,-119.48608,05/10/2022,15.03,29.36,426,381,209
47,mz,Cuyama,Cuyama_2,2,high,34.85369,-119.48623,05/10/2022,15.75,29.12,317,315,167
48,mz,Cuyama,Cuyama_2,2,high,34.85381,-119.48626,05/10/2022,14.38,31.44,167,131,97
49,mz,Cuyama,Cuyama_2,2,high,34.85393,-119.48602,05/10/2022,13.45,32.29,280,264,137
50,mz,Cuyama,Cuyama_1,1,open,34.8482,-119.48393,05/10/2022,19.4,22.74,0,0,0
51,mz,Cuyama,Cuyama_1,1,open,34.8482,-119.48393,05/10/2022,20.26,22.74,0,0,0
52,mz,Cuyama,Cuyama_1,2,open,34.84853,-119.48433,05/10/2022,19.19,22.6,0,0,0
53,mz,Cuyama,Cuyama_1,2,open,34.84853,-119.48433,05/10/2022,19.34,24.33,0,0,0
54,mz,Cuyama,Cuyama_2,1,open,34.85491,-119.48505,05/10/2022,15.59,28.23,0,0,0
55,mz,Cuyama,Cuyama_2,1,open,34.85491,-119.48505,05/10/2022,15.48,28.43,0,0,0
56,mz,Cuyama,Cuyama_2,2,open,34.85442,-119.4848,05/10/2022,16.69,27.73,0,0,0
57,mz,Cuyama,Cuyama_2,2,open,34.85442,-119.4848,05/10/2022,16.49,28.01,0,0,0
58,mz,Carrizo,Carrizo_4,1,high,35.1196,-119.629,05/11/2022,14.72,29.2,410,312,124
59,mz,Carrizo,Carrizo_4,1,high,35.11969,-119.62907,05/11/2022,13.6,31.73,290,257,147
60,mz,Carrizo,Carrizo_4,1,high,35.11969,-119.6289,05/11/2022,14.15,32.28,463,279,141
61,mz,Carrizo,Carrizo_4,1,high,35.11967,-119.62882,05/11/2022,14.21,30.39,243,235,119
62,mz,Carrizo,Carrizo_4,1,high,35.11967,-119.62877,05/11/2022,14.75,30.11,291,255,135
63,mz,Carrizo,Carrizo_4,1,high,35.11965,-119.62871,05/11/2022,16.21,28.49,430,243,115
64,mz,Carrizo,Carrizo_4,1,high,35.11956,-119.62884,05/11/2022,14.94,28.84,250,206,127
65,mz,Carrizo,Carrizo_4,1,high,35.11949,-119.6288,05/11/2022,13.98,29.19,314,245,124
66,mz,Carrizo,Carrizo_4,1,high,35.11949,-119.6289,05/11/2022,15.09,27.71,212,182,114
67,mz,Carrizo,Carrizo_4,1,high,35.11945,-119.62898,05/11/2022,14.49,30.06,398,281,120
68,mz,Carrizo,Carrizo_4,1,high,35.11951,-119.62896,05/11/2022,14.27,29.18,237,182,99
69,mz,Carrizo,Carrizo_4,1,open,35.11994,-119.2885,05/11/2022,12.74,33,0,0,0
70,mz,Carrizo,Carrizo_4,1,open,35.11994,-119.2885,05/11/2022,15.7,28.6,0,0,0
71,mz,Carrizo,Carrizo_4,2,open,35.11888,-119.62764,05/11/2022,16.21,22.54,0,0,0
72,mz,Carrizo,Carrizo_4,2,open,35.11888,-119.62764,05/11/2022,16.7,24.68,0,0,0
73,mz,Carrizo,Carrizo_4,2,high,35.11931,-119.62838,05/11/2022,16.74,23.1,330,291,140
74,mz,Carrizo,Carrizo_4,2,high,35.11953,-119.62814,05/11/2022,13.62,27.36,288,223,134
75,mz,Carrizo,Carrizo_4,2,high,35.11961,-119.62805,05/11/2022,15.56,28.37,372,250,114
76,mz,Carrizo,Carrizo_4,2,high,35.11949,-119.62812,05/11/2022,13.97,30.1,340,230,157
77,mz,Carrizo,Carrizo_4,2,high,35.11948,-119.62814,05/11/2022,15.26,27.06,285,220,179
78,mz,Carrizo,Carrizo_4,2,high,35.11944,-119.62811,05/11/2022,15.27,25.05,437,385,176
79,mz,Carrizo,Carrizo_4,2,high,35.1194,-119.62821,05/11/2022,16.2,23.16,204,186,90
80,mz,Carrizo,Carrizo_4,2,high,35.11928,-119.62825,05/11/2022,16.49,25.21,348,305,158
81,mz,Carrizo,Carrizo_4,2,high,35.1193,-119.62836,05/11/2022,14.71,26.88,347,286,112
82,mz,Carrizo,Carrizo_4,2,high,35.1193,-119.62838,05/11/2022,14.75,23.57,268,206,118
83,mz,Carrizo,Carrizo_3,1,open,35.16239,-119.67393,05/11/2022,16.76,24.02,0,0,0
84,mz,Carrizo,Carrizo_3,1,open,35.16239,-119.67393,05/11/2022,18.4,22.27,0,0,0
85,mz,Carrizo,Carrizo_3,2,open,35.1626,-119.67429,05/11/2022,14.16,25.44,0,0,0
86,mz,Carrizo,Carrizo_3,2,open,35.1626,-119.67429,05/11/2022,15.38,28.72,0,0,0
87,mz,Carrizo,Carrizo_3,1,high,35.16297,-119.67397,05/11/2022,16.49,22.87,295,205,145
88,mz,Carrizo,Carrizo_3,1,high,35.16303,-119.67406,05/11/2022,17.3,22.01,309,250,138
89,mz,Carrizo,Carrizo_3,1,high,35.16304,-119.67407,05/11/2022,17.46,21.69,348,220,145
90,mz,Carrizo,Carrizo_3,1,high,35.16312,-119.67412,05/11/2022,17.72,21.05,400,272,117
91,mz,Carrizo,Carrizo_3,1,high,35.16315,-119.67398,05/11/2022,17.25,22.76,196,101,98
92,mz,Carrizo,Carrizo_3,1,high,35.16313,-119.67397,05/11/2022,16.74,23.26,432,213,110
93,mz,Carrizo,Carrizo_3,1,high,35.16315,-119.67391,05/11/2022,14.74,25.66,331,300,122
94,mz,Carrizo,Carrizo_3,1,high,35.16313,-119.67377,05/11/2022,15.6,25.74,477,268,115
95,mz,Carrizo,Carrizo_3,1,high,35.1631,-119.67376,05/11/2022,17.24,23.38,467,204,105
96,mz,Carrizo,Carrizo_3,1,high,35.16309,-119.67374,05/11/2022,18.03,22.68,315,307,121
97,mz,Carrizo,Carrizo_3,2,high,35.16299,-119.67388,05/11/2022,15.82,24.03,539,385,131
98,mz,Carrizo,Carrizo_3,2,high,35.16285,-119.67444,05/11/2022,16.45,24.63,252,250,121
99,mz,Carrizo,Carrizo_3,2,high,35.16288,-119.67448,05/11/2022,15.49,26.28,305,201,123
100,mz,Carrizo,Carrizo_3,2,high,35.16291,-119.67451,05/11/2022,17.36,24.6,156,155,114
101,mz,Carrizo,Carrizo_3,2,high,35.16292,-119.67452,05/11/2022,17.74,23.46,233,227,150
102,mz,Carrizo,Carrizo_3,2,high,35.16293,-119.67468,05/11/2022,17.73,23.59,336,238,135
103,mz,Carrizo,Carrizo_3,2,high,35.1629,-119.67468,05/11/2022,18.91,22.18,341,252,131
104,mz,Carrizo,Carrizo_3,2,high,35.16283,-119.67464,05/11/2022,17.55,21.64,433,274,119
105,mz,Carrizo,Carrizo_3,2,high,35.16283,-119.67462,05/11/2022,16.89,23.06,237,166,104
106,mz,Carrizo,Carrizo_3,2,high,35.16278,-119.67467,05/11/2022,17.06,24.74,297,220,116
107,mz,Carrizo,Carrizo_3,2,high,35.16271,-119.6747,05/11/2022,16.4,25.43,259,235,110
108,mz,Carrizo,Carrizo_3,2,high,35.16269,-119.67458,05/11/2022,15.32,26.42,290,256,114
109,mz,Carrizo,Carrizo_3,2,high,35.16273,-119.67458,05/11/2022,15.31,26.7,380,244,109
110,mz,Mojave,Tecopa,1,high,35.85288,-116.18394,05/14/2022,35.69,6.46,68,63,110
111,mz,Mojave,Tecopa,1,high,35.85284,-116.18388,05/14/2022,34.77,6.41,200,163,198
112,mz,Mojave,Tecopa,1,high,35.85284,-116.18385,05/14/2022,35.39,6.18,250,232,237
113,mz,Mojave,Tecopa,1,high,35.85281,-116.18369,05/14/2022,36.48,6.06,84,80,72
114,mz,Mojave,Tecopa,1,high,35.8528,-116.18368,05/14/2022,36.95,5.89,65,61,90
115,mz,Mojave,Tecopa,1,high,35.85278,-116.18374,05/14/2022,35.6,6.1,77,65,69
116,mz,Mojave,Tecopa,1,high,35.85269,-116.18375,05/14/2022,36.39,6.45,82,73,79
117,mz,Mojave,Tecopa,1,high,35.85268,-116.18375,05/14/2022,36.39,6.27,103,99,85
118,mz,Mojave,Tecopa,1,high,35.85274,-116.18382,05/14/2022,36.04,6.14,79,59,64
119,mz,Mojave,Tecopa,1,high,35.85277,-116.18387,05/14/2022,35.27,6.7,95,90,70
120,mz,Mojave,Tecopa,2,high,35.8529,-116.18345,05/14/2022,37.66,6.51,332,205,190
121,mz,Mojave,Tecopa,2,high,35.85289,-116.18333,05/14/2022,37.99,5.62,134,126,167
122,mz,Mojave,Tecopa,2,high,35.85285,-116.18329,05/14/2022,37.29,5.74,134,127,146
123,mz,Mojave,Tecopa,2,high,35.85288,-116.1833,05/14/2022,38.66,5.39,98,90,127
124,mz,Mojave,Tecopa,2,high,35.85283,-116.18314,05/14/2022,38.58,5.66,194,175,112
125,mz,Mojave,Tecopa,2,high,35.85272,-116.1832,05/14/2022,37.77,5.84,148,140,114
126,mz,Mojave,Tecopa,2,high,35.85273,-116.18323,05/14/2022,37.36,5.85,93,84,111
127,mz,Mojave,Tecopa,2,high,35.85275,-116.18326,05/14/2022,37.81,5.97,123,108,94
128,mz,Mojave,Tecopa,2,high,35.85271,-116.1833,05/14/2022,38.77,5.68,219,131,116
129,mz,Mojave,Tecopa,2,high,35.85284,-116.18341,05/14/2022,36.41,6.1,192,140,125
130,mz,Mojave,Tecopa,2,high,35.85283,-116.18346,05/14/2022,36.61,6.59,115,100,113
131,mz,Mojave,Tecopa,3,high,35.85294,-116.18427,05/14/2022,36.74,6.28,291,247,137
132,mz,Mojave,Tecopa,3,high,35.85291,-116.1843,05/14/2022,38,5.76,128,117,115
133,mz,Mojave,Tecopa,3,high,35.85288,-116.18421,05/14/2022,38.15,5.34,128,106,122
134,mz,Mojave,Tecopa,3,high,35.85278,-116.18414,05/14/2022,37.84,5.5,70,55,101
135,mz,Mojave,Tecopa,3,high,35.85274,-116.18415,05/14/2022,37.64,5.59,96,62,79
136,mz,Mojave,Tecopa,3,high,35.85268,-116.18417,05/14/2022,38.58,5.49,164,97,94
137,mz,Mojave,Tecopa,3,high,35.85269,-116.18409,05/14/2022,39.85,5.03,101,88,69
138,mz,Mojave,Tecopa,3,high,35.85266,-116.18423,05/14/2022,37.79,5.61,125,88,104
139,mz,Mojave,Tecopa,3,high,35.85268,-116.18422,05/14/2022,37,5.81,89,80,78
140,mz,Mojave,Tecopa,3,high,35.8528,-116.18428,05/14/2022,36.78,6.21,63,33,58
141,mz,Mojave,Tecopa,3,high,35.85287,-116.18432,05/14/2022,36.68,6.04,95,87,111
142,mz,Mojave,Tecopa,4,high,35.85282,-116.18468,05/14/2022,37.15,5.58,108,86,96
143,mz,Mojave,Tecopa,4,high,35.85278,-116.18451,05/14/2022,38.4,5.42,69,63,66
144,mz,Mojave,Tecopa,4,high,35.85276,-116.18447,05/14/2022,39.09,5.38,133,80,53
145,mz,Mojave,Tecopa,4,high,35.85263,-116.18444,05/14/2022,39.46,5.32,153,73,78
146,mz,Mojave,Tecopa,4,high,35.85263,-116.18448,05/14/2022,38.7,5.34,137,72,68
147,mz,Mojave,Tecopa,4,high,35.85258,-116.1845,05/14/2022,37.41,5.78,85,64,55
148,mz,Mojave,Tecopa,4,high,35.85253,-116.18451,05/14/2022,36.96,5.65,60,60,58
149,mz,Mojave,Tecopa,4,high,35.85265,-116.18465,05/14/2022,37.7,5.81,103,102,73
150,mz,Mojave,Tecopa,4,high,35.85263,-116.18472,05/14/2022,36.78,5.69,115,80,77
151,mz,Mojave,Tecopa,4,high,35.85285,-116.18472,05/14/2022,36.68,6.07,128,105,99
152,mz,Mojave,Tecopa,1,open,35.85489,-116.17944,05/14/2022,37.52,5.85,0,0,0
153,mz,Mojave,Tecopa,1,open,35.85489,-116.17944,05/14/2022,37.39,5.46,0,0,0
154,mz,Mojave,Tecopa,2,open,35.8544,-116.17934,05/14/2022,38.86,5.47,0,0,0
155,mz,Mojave,Tecopa,2,open,35.8544,-116.17934,05/14/2022,37.63,5.6,0,0,0
156,mz,Mojave,Tecopa,3,open,35.85479,-116.17885,05/14/2022,38.08,5.36,0,0,0
157,mz,Mojave,Tecopa,3,open,35.85479,-116.17885,05/14/2022,36.71,5.48,0,0,0
158,mz,Mojave,Tecopa,4,open,35.85521,-116.17858,05/14/2022,37.07,6.76,0,0,0
159,mz,Mojave,Tecopa,4,open,35.85521,-116.17858,05/14/2022,36.38,6.44,0,0,0
160,mz,Cuyama,Cuyama_1,1,high,34.84867,-119.48421,05/16/2022,26.82,18.21,310,306,133
161,mz,Cuyama,Cuyama_1,1,high,34.84874,-119.48428,05/16/2022,26.13,19.26,329,275,136
162,mz,Cuyama,Cuyama_1,1,high,34.84882,-119.48426,05/16/2022,26.3,19.57,258,208,122
163,mz,Cuyama,Cuyama_1,1,high,34.84892,-119.48418,05/16/2022,25.71,20.25,301,174,90
164,mz,Cuyama,Cuyama_1,1,high,34.84894,-119.4841,05/16/2022,25.37,20.21,236,190,117
165,mz,Cuyama,Cuyama_1,1,high,34.84896,-119.48405,05/16/2022,25.37,19.51,479,296,188
166,mz,Cuyama,Cuyama_1,1,high,34.84892,-119.48399,05/16/2022,26.58,18.84,543,358,193
167,mz,Cuyama,Cuyama_1,1,high,34.84889,-119.48411,05/16/2022,26.77,18.4,314,220,180
168,mz,Cuyama,Cuyama_1,1,high,34.84882,-119.48412,05/16/2022,26.69,17.61,287,276,132
169,mz,Cuyama,Cuyama_1,1,high,34.84882,-119.48399,05/16/2022,28.64,18.36,470,387,165
170,mz,Cuyama,Cuyama_1,1,high,34.84875,-119.48398,05/16/2022,27.5,17.61,352,280,216
171,mz,Cuyama,Cuyama_1,1,high,34.84874,-119.48393,05/16/2022,26.21,17.07,332,317,162
172,mz,Cuyama,Cuyama_1,1,high,34.84865,-119.48393,05/16/2022,26.38,17.03,490,418,124
173,mz,Cuyama,Cuyama_1,1,high,34.84877,-119.48405,05/16/2022,25.63,18.45,224,183,108
174,mz,Cuyama,Cuyama_1,2,high,34.84901,-119.48436,05/16/2022,27.6,18.73,457,422,127
175,mz,Cuyama,Cuyama_1,2,high,34.84911,-119.48445,05/16/2022,26.74,18.97,404,358,148
176,mz,Cuyama,Cuyama_1,2,high,34.84915,-119.48448,05/16/2022,25.91,19.74,269,254,144
177,mz,Cuyama,Cuyama_1,2,high,34.84922,-119.48441,05/16/2022,26.87,19.18,320,287,132
178,mz,Cuyama,Cuyama_1,2,high,34.84922,-119.48439,05/16/2022,26.7,18.69,367,296,130
179,mz,Cuyama,Cuyama_1,2,high,34.84929,-119.48425,05/16/2022,26.94,18.56,410,365,144
180,mz,Cuyama,Cuyama_1,2,high,34.84934,-119.4842,05/16/2022,26.35,19.16,480,322,153
181,mz,Cuyama,Cuyama_1,2,high,34.84928,-119.48416,05/16/2022,27.14,18.62,266,233,117
182,mz,Cuyama,Cuyama_1,2,high,34.84921,-119.48411,05/16/2022,27.17,18.54,511,450,158
183,mz,Cuyama,Cuyama_1,2,high,34.84917,-119.48407,05/16/2022,25.46,18.12,356,340,130
184,mz,Cuyama,Cuyama_1,2,high,34.84916,-119.4842,05/16/2022,25.88,18.45,329,318,130
185,mz,Cuyama,Cuyama_1,2,high,34.84911,-119.48419,05/16/2022,26.83,18.37,442,383,148
186,mz,Cuyama,Cuyama_1,2,high,34.84904,-119.48426,05/16/2022,26.61,18.14,394,359,154
187,mz,Cuyama,Cuyama_2,1,high,34.85431,-119.48598,05/16/2022,27.11,17.25,339,307,144
188,mz,Cuyama,Cuyama_2,1,high,34.85429,-119.48615,05/16/2022,26.86,17.66,402,253,143
189,mz,Cuyama,Cuyama_2,1,high,34.85437,-119.48611,05/16/2022,26.84,17.01,306,273,162
190,mz,Cuyama,Cuyama_2,1,high,34.85441,-119.48611,05/16/2022,26.3,17.47,304,297,168
191,mz,Cuyama,Cuyama_2,1,high,34.85447,-119.48622,05/16/2022,26.86,17.98,420,320,158
192,mz,Cuyama,Cuyama_2,1,high,34.85453,-119.48618,05/16/2022,27.44,17.15,254,238,122
193,mz,Cuyama,Cuyama_2,1,high,34.85458,-119.48613,05/16/2022,28.1,16.48,357,356,146
194,mz,Cuyama,Cuyama_2,1,high,34.85465,-119.48612,05/16/2022,28.19,16.3,487,418,155
195,mz,Cuyama,Cuyama_2,1,high,34.85471,-119.48601,05/16/2022,27.1,16.87,337,325,160
196,mz,Cuyama,Cuyama_2,1,high,34.8546,-119.48595,05/16/2022,2707,17.03,357,334,163
197,mz,Cuyama,Cuyama_2,1,high,34.85452,-119.48598,05/16/2022,27.99,16.92,435,419,171
198,mz,Cuyama,Cuyama_2,2,high,34.85379,-119.48594,05/16/2022,26,18.32,347,335,185
199,mz,Cuyama,Cuyama_2,2,high,34.85368,-119.48573,05/16/2022,26.74,18.41,376,356,169
200,mz,Cuyama,Cuyama_2,2,high,34.85348,-119.48561,05/16/2022,27.11,18.17,330,313,174
201,mz,Cuyama,Cuyama_2,2,high,34.85355,-119.48567,05/16/2022,27.99,17.07,330,295,166
202,mz,Cuyama,Cuyama_2,2,high,34.8535,-119.48595,05/16/2022,27.28,16.93,156,142,86
203,mz,Cuyama,Cuyama_2,2,high,34.85362,-119.48598,05/16/2022,27.13,17.4,235,231,146
204,mz,Cuyama,Cuyama_2,2,high,34.85356,-119.48605,05/16/2022,27.53,17.05,594,538,213
205,mz,Cuyama,Cuyama_2,2,high,34.85366,-119.48608,05/16/2022,26.79,17.65,426,381,209
206,mz,Cuyama,Cuyama_2,2,high,34.85369,-119.48623,05/16/2022,26.96,16.9,317,315,167
207,mz,Cuyama,Cuyama_2,2,high,34.85381,-119.48626,05/16/2022,25.79,17.73,167,131,97
208,mz,Cuyama,Cuyama_2,2,high,34.85393,-119.48602,05/16/2022,27.85,16.23,280,264,137
209,mz,Cuyama,Cuyama_1,1,open,34.8482,-119.48393,05/16/2022,24.63,21,0,0,0
210,mz,Cuyama,Cuyama_1,1,open,34.8482,-119.48393,05/16/2022,26.01,18.98,0,0,0
211,mz,Cuyama,Cuyama_1,2,open,34.84853,-119.48433,05/16/2022,25.59,19.49,0,0,0
212,mz,Cuyama,Cuyama_1,2,open,34.84853,-119.48433,05/16/2022,24.86,1958,0,0,0
213,mz,Cuyama,Cuyama_2,1,open,34.85491,-119.48505,05/16/2022,25.03,18.86,0,0,0
214,mz,Cuyama,Cuyama_2,1,open,34.85491,-119.48505,05/16/2022,28.65,15.9,0,0,0
215,mz,Cuyama,Cuyama_2,2,open,34.85442,-119.4848,05/16/2022,25.92,19.09,0,0,0
216,mz,Cuyama,Cuyama_2,2,open,34.85442,-119.4848,05/16/2022,24.75,20.05,0,0,0
217,mz,Carrizo,Carrizo_4,1,high,35.1196,-119.629,05/17/2022,28.05,16.99,410,312,124
218,mz,Carrizo,Carrizo_4,1,high,35.11969,-119.62907,05/17/2022,26.26,17.87,290,257,147
219,mz,Carrizo,Carrizo_4,1,high,35.11969,-119.6289,05/17/2022,25.51,18.85,463,279,141
220,mz,Carrizo,Carrizo_4,1,high,35.11967,-119.62882,05/17/2022,25.43,18.89,243,235,119
221,mz,Carrizo,Carrizo_4,1,high,35.11967,-119.62877,05/17/2022,25.02,19.4,291,255,135
222,mz,Carrizo,Carrizo_4,1,high,35.11965,-119.62871,05/17/2022,25.34,19.17,430,243,115
223,mz,Carrizo,Carrizo_4,1,high,35.11956,-119.62884,05/17/2022,25.28,18.96,250,206,127
224,mz,Carrizo,Carrizo_4,1,high,35.11949,-119.6288,05/17/2022,25.64,18.3,314,245,124
225,mz,Carrizo,Carrizo_4,1,high,35.11949,-119.6289,05/17/2022,25.24,19,212,182,114
226,mz,Carrizo,Carrizo_4,1,high,35.11945,-119.62898,05/17/2022,25.86,18.6,398,281,120
227,mz,Carrizo,Carrizo_4,1,high,35.11951,-119.62896,05/17/2022,24.63,19.52,237,182,99
228,mz,Carrizo,Carrizo_4,1,open,35.11994,-119.2885,05/17/2022,25,18.96,0,0,0
229,mz,Carrizo,Carrizo_4,1,open,35.11994,-119.2885,05/17/2022,23.44,21.29,0,0,0
230,mz,Carrizo,Carrizo_4,2,open,35.11888,-119.62764,05/17/2022,25.95,17.92,0,0,0
231,mz,Carrizo,Carrizo_4,2,open,35.11888,-119.62764,05/17/2022,27.13,21.27,0,0,0
232,mz,Carrizo,Carrizo_4,2,high,35.11931,-119.62838,05/17/2022,25.87,17.66,330,291,140
233,mz,Carrizo,Carrizo_4,2,high,35.11953,-119.62814,05/17/2022,25.48,19.34,288,223,134
234,mz,Carrizo,Carrizo_4,2,high,35.11961,-119.62805,05/17/2022,25.12,18.59,372,250,114
235,mz,Carrizo,Carrizo_4,2,high,35.11949,-119.62812,05/17/2022,26.17,18.22,340,230,157
236,mz,Carrizo,Carrizo_4,2,high,35.11948,-119.62814,05/17/2022,26.71,18.06,285,220,179
237,mz,Carrizo,Carrizo_4,2,high,35.11944,-119.62811,05/17/2022,26.6,17.94,437,385,176
238,mz,Carrizo,Carrizo_4,2,high,35.1194,-119.62821,05/17/2022,25.69,18.41,204,186,90
239,mz,Carrizo,Carrizo_4,2,high,35.11928,-119.62825,05/17/2022,25.29,19.39,348,305,158
240,mz,Carrizo,Carrizo_4,2,high,35.1193,-119.62836,05/17/2022,27.12,21.3,347,286,112
241,mz,Carrizo,Carrizo_4,2,high,35.1193,-119.62838,05/17/2022,27.46,17.65,268,206,118
242,mz,Carrizo,Carrizo_3,1,open,35.16239,-119.67393,05/17/2022,25.62,18.88,0,0,0
243,mz,Carrizo,Carrizo_3,1,open,35.16239,-119.67393,05/17/2022,24.61,19.2,0,0,0
244,mz,Carrizo,Carrizo_3,2,open,35.1626,-119.67429,05/17/2022,27.87,16.88,0,0,0
245,mz,Carrizo,Carrizo_3,2,open,35.1626,-119.67429,05/17/2022,30.5,13.54,0,0,0
246,mz,Carrizo,Carrizo_3,1,high,35.16297,-119.67397,05/17/2022,24.85,19.61,295,205,145
247,mz,Carrizo,Carrizo_3,1,high,35.16303,-119.67406,05/17/2022,24.53,20.6,309,250,138
248,mz,Carrizo,Carrizo_3,1,high,35.16304,-119.67407,05/17/2022,24.95,20.05,348,220,145
249,mz,Carrizo,Carrizo_3,1,high,35.16312,-119.67412,05/17/2022,23.95,20.58,400,272,117
250,mz,Carrizo,Carrizo_3,1,high,35.16315,-119.67398,05/17/2022,23.43,20.33,196,101,98
251,mz,Carrizo,Carrizo_3,1,high,35.16313,-119.67397,05/17/2022,23.67,20.82,432,213,110
252,mz,Carrizo,Carrizo_3,1,high,35.16315,-119.67391,05/17/2022,23.04,21.87,331,300,122
253,mz,Carrizo,Carrizo_3,1,high,35.16313,-119.67377,05/17/2022,24.18,20.34,477,268,115
254,mz,Carrizo,Carrizo_3,1,high,35.1631,-119.67376,05/17/2022,24.55,20.28,467,204,105
255,mz,Carrizo,Carrizo_3,1,high,35.16309,-119.67374,05/17/2022,25.04,19.49,315,307,121
256,mz,Carrizo,Carrizo_3,2,high,35.16299,-119.67388,05/17/2022,24.66,19.78,539,385,131
257,mz,Carrizo,Carrizo_3,2,high,35.16285,-119.67444,05/17/2022,23.98,20.73,252,250,121
258,mz,Carrizo,Carrizo_3,2,high,35.16288,-119.67448,05/17/2022,24.45,19.96,305,201,123
259,mz,Carrizo,Carrizo_3,2,high,35.16291,-119.67451,05/17/2022,24.8,19.63,156,155,114
260,mz,Carrizo,Carrizo_3,2,high,35.16292,-119.67452,05/17/2022,26.18,18.65,233,227,150
261,mz,Carrizo,Carrizo_3,2,high,35.16293,-119.67468,05/17/2022,26.48,17.98,336,238,135
262,mz,Carrizo,Carrizo_3,2,high,35.1629,-119.67468,05/17/2022,26.28,18.09,341,252,131
263,mz,Carrizo,Carrizo_3,2,high,35.16283,-119.67464,05/17/2022,25.1,18.67,433,274,119
264,mz,Carrizo,Carrizo_3,2,high,35.16283,-119.67462,05/17/2022,24.91,19.32,237,166,104
265,mz,Carrizo,Carrizo_3,2,high,35.16278,-119.67467,05/17/2022,26,18.64,297,220,116
266,mz,Carrizo,Carrizo_3,2,high,35.16271,-119.6747,05/17/2022,25.53,18.42,259,235,110
267,mz,Carrizo,Carrizo_3,2,high,35.16269,-119.67458,05/17/2022,25.91,18.54,290,256,114
268,mz,Carrizo,Carrizo_3,2,high,35.16273,-119.67458,05/17/2022,25.97,18.42,380,244,109
269,mz,Cuyama,Cuyama_1,1,high,34.84867,-119.48421,05/21/2022,25.07,16.11,310,306,133
270,mz,Cuyama,Cuyama_1,1,high,34.84874,-119.48428,05/21/2022,25.39,15.89,329,275,136
271,mz,Cuyama,Cuyama_1,1,high,34.84882,-119.48426,05/21/2022,25.05,16.3,258,208,122
272,mz,Cuyama,Cuyama_1,1,high,34.84892,-119.48418,05/21/2022,25.51,15.88,301,174,90
273,mz,Cuyama,Cuyama_1,1,high,34.84894,-119.4841,05/21/2022,25.1,15.77,236,190,117
274,mz,Cuyama,Cuyama_1,1,high,34.84896,-119.48405,05/21/2022,24.26,16.45,479,296,188
275,mz,Cuyama,Cuyama_1,1,high,34.84892,-119.48399,05/21/2022,24.68,16.17,543,358,193
276,mz,Cuyama,Cuyama_1,1,high,34.84889,-119.48411,05/21/2022,24.84,15.95,314,220,180
277,mz,Cuyama,Cuyama_1,1,high,34.84882,-119.48412,05/21/2022,25.36,15.97,287,276,132
278,mz,Cuyama,Cuyama_1,1,high,34.84882,-119.48399,05/21/2022,24.88,15.98,470,387,165
279,mz,Cuyama,Cuyama_1,1,high,34.84875,-119.48398,05/21/2022,25.1,16.42,352,280,216
280,mz,Cuyama,Cuyama_1,1,high,34.84874,-119.48393,05/21/2022,25.28,15.59,332,317,162
281,mz,Cuyama,Cuyama_1,1,high,34.84865,-119.48393,05/21/2022,25.24,15.84,490,418,124
282,mz,Cuyama,Cuyama_1,1,high,34.84877,-119.48405,05/21/2022,25.52,15.74,224,183,108
283,mz,Cuyama,Cuyama_1,2,high,34.84901,-119.48436,05/21/2022,24.81,16.1,457,422,127
284,mz,Cuyama,Cuyama_1,2,high,34.84911,-119.48445,05/21/2022,23.98,16.76,404,358,148
285,mz,Cuyama,Cuyama_1,2,high,34.84915,-119.48448,05/21/2022,23.84,16.6,269,254,144
286,mz,Cuyama,Cuyama_1,2,high,34.84922,-119.48441,05/21/2022,24.25,16.53,320,287,132
287,mz,Cuyama,Cuyama_1,2,high,34.84922,-119.48439,05/21/2022,25.42,15.98,367,296,130
288,mz,Cuyama,Cuyama_1,2,high,34.84929,-119.48425,05/21/2022,24.87,15.63,410,365,144
289,mz,Cuyama,Cuyama_1,2,high,34.84934,-119.4842,05/21/2022,25.48,15.46,480,322,153
290,mz,Cuyama,Cuyama_1,2,high,34.84928,-119.48416,05/21/2022,25,16.15,266,233,117
291,mz,Cuyama,Cuyama_1,2,high,34.84921,-119.48411,05/21/2022,25.69,15.61,511,450,158
292,mz,Cuyama,Cuyama_1,2,high,34.84917,-119.48407,05/21/2022,26.28,15.45,356,340,130
293,mz,Cuyama,Cuyama_1,2,high,34.84916,-119.4842,05/21/2022,24.85,16.33,329,318,130
294,mz,Cuyama,Cuyama_1,2,high,34.84911,-119.48419,05/21/2022,25.92,15.86,442,383,148
295,mz,Cuyama,Cuyama_1,2,high,34.84904,-119.48426,05/21/2022,24.91,16.02,394,359,154
296,mz,Cuyama,Cuyama_2,1,high,34.85431,-119.48598,05/21/2022,25.68,15.57,339,307,144
297,mz,Cuyama,Cuyama_2,1,high,34.85429,-119.48615,05/21/2022,25.78,15.72,402,253,143
298,mz,Cuyama,Cuyama_2,1,high,34.85437,-119.48611,05/21/2022,25.52,16.11,306,273,162
299,mz,Cuyama,Cuyama_2,1,high,34.85441,-119.48611,05/21/2022,25.37,15.71,304,297,168
300,mz,Cuyama,Cuyama_2,1,high,34.85447,-119.48622,05/21/2022,25.53,16.15,420,320,158
301,mz,Cuyama,Cuyama_2,1,high,34.85453,-119.48618,05/21/2022,25.36,15.74,254,238,122
302,mz,Cuyama,Cuyama_2,1,high,34.85458,-119.48613,05/21/2022,25.03,15.88,357,356,146
303,mz,Cuyama,Cuyama_2,1,high,34.85465,-119.48612,05/21/2022,25.28,15.87,487,418,155
304,mz,Cuyama,Cuyama_2,1,high,34.85471,-119.48601,05/21/2022,26.21,15.14,337,325,160
305,mz,Cuyama,Cuyama_2,1,high,34.8546,-119.48595,05/21/2022,25.85,15.85,357,334,163
306,mz,Cuyama,Cuyama_2,1,high,34.85452,-119.48598,05/21/2022,27.28,15.13,435,419,171
307,mz,Cuyama,Cuyama_2,2,high,34.85379,-119.48594,05/21/2022,25.16,16.51,347,335,185
308,mz,Cuyama,Cuyama_2,2,high,34.85368,-119.48573,05/21/2022,25.28,15.88,376,356,169
309,mz,Cuyama,Cuyama_2,2,high,34.85348,-119.48561,05/21/2022,25.58,15.78,330,313,174
310,mz,Cuyama,Cuyama_2,2,high,34.85355,-119.48567,05/21/2022,25.63,16.31,330,295,166
311,mz,Cuyama,Cuyama_2,2,high,34.8535,-119.48595,05/21/2022,26.32,15.78,156,142,86
312,mz,Cuyama,Cuyama_2,2,high,34.85362,-119.48598,05/21/2022,24.39,16.96,235,231,146
313,mz,Cuyama,Cuyama_2,2,high,34.85356,-119.48605,05/21/2022,24.89,16.51,594,538,213
314,mz,Cuyama,Cuyama_2,2,high,34.85366,-119.48608,05/21/2022,25.78,16,426,381,209
315,mz,Cuyama,Cuyama_2,2,high,34.85369,-119.48623,05/21/2022,25.17,15.8,317,315,167
316,mz,Cuyama,Cuyama_2,2,high,34.85381,-119.48626,05/21/2022,25.38,15.63,167,131,97
317,mz,Cuyama,Cuyama_2,2,high,34.85393,-119.48602,05/21/2022,26.13,15.32,280,264,137
318,mz,Cuyama,Cuyama_1,1,open,34.8482,-119.48393,05/21/2022,24.34,16.21,0,0,0
319,mz,Cuyama,Cuyama_1,1,open,34.8482,-119.48393,05/21/2022,27,14.03,0,0,0
320,mz,Cuyama,Cuyama_1,2,open,34.84853,-119.48433,05/21/2022,23,17.49,0,0,0
321,mz,Cuyama,Cuyama_1,2,open,34.84853,-119.48433,05/21/2022,24.7,15.53,0,0,0
322,mz,Cuyama,Cuyama_2,1,open,34.85491,-119.48505,05/21/2022,23.79,16.4,0,0,0
323,mz,Cuyama,Cuyama_2,1,open,34.85491,-119.48505,05/21/2022,26.52,15.29,0,0,0
324,mz,Cuyama,Cuyama_2,2,open,34.85442,-119.4848,05/21/2022,25.49,15.42,0,0,0
325,mz,Cuyama,Cuyama_2,2,open,34.85442,-119.4848,05/21/2022,28.04,1.89,0,0,0
326,mz,Carrizo,Carrizo_4,1,high,35.1196,-119.629,05/22/2022,25.38,15.98,410,312,124
327,mz,Carrizo,Carrizo_4,1,high,35.11969,-119.62907,05/22/2022,25.81,15.88,290,257,147
328,mz,Carrizo,Carrizo_4,1,high,35.11969,-119.6289,05/22/2022,24.94,16.11,463,279,141
329,mz,Carrizo,Carrizo_4,1,high,35.11967,-119.62882,05/22/2022,25.7,15.8,243,235,119
330,mz,Carrizo,Carrizo_4,1,high,35.11967,-119.62877,05/22/2022,26.21,15.5,291,255,135
331,mz,Carrizo,Carrizo_4,1,high,35.11965,-119.62871,05/22/2022,25.94,14.89,430,243,115
332,mz,Carrizo,Carrizo_4,1,high,35.11956,-119.62884,05/22/2022,26.34,14.51,250,206,127
333,mz,Carrizo,Carrizo_4,1,high,35.11949,-119.6288,05/22/2022,26,14.97,314,245,124
334,mz,Carrizo,Carrizo_4,1,high,35.11949,-119.6289,05/22/2022,25.86,14.72,212,182,114
335,mz,Carrizo,Carrizo_4,1,high,35.11945,-119.62898,05/22/2022,25.28,15.28,398,281,120
336,mz,Carrizo,Carrizo_4,1,high,35.11951,-119.62896,05/22/2022,25.34,15.16,237,182,99
337,mz,Carrizo,Carrizo_4,1,open,35.11994,-119.2885,05/22/2022,24.85,15.96,0,0,0
338,mz,Carrizo,Carrizo_4,1,open,35.11994,-119.2885,05/22/2022,25.31,15.9,0,0,0
339,mz,Carrizo,Carrizo_4,2,open,35.11888,-119.62764,05/22/2022,26.23,15.59,0,0,0
340,mz,Carrizo,Carrizo_4,2,open,35.11888,-119.62764,05/22/2022,25.43,15.67,0,0,0
341,mz,Carrizo,Carrizo_4,2,high,35.11931,-119.62838,05/22/2022,26.44,14.8,330,291,140
342,mz,Carrizo,Carrizo_4,2,high,35.11953,-119.62814,05/22/2022,25.24,15.68,288,223,134
343,mz,Carrizo,Carrizo_4,2,high,35.11961,-119.62805,05/22/2022,26.16,15.88,372,250,114
344,mz,Carrizo,Carrizo_4,2,high,35.11949,-119.62812,05/22/2022,27.44,14.17,340,230,157
345,mz,Carrizo,Carrizo_4,2,high,35.11948,-119.62814,05/22/2022,27.6,14.18,285,220,179
346,mz,Carrizo,Carrizo_4,2,high,35.11944,-119.62811,05/22/2022,27.76,14.21,437,385,176
347,mz,Carrizo,Carrizo_4,2,high,35.1194,-119.62821,05/22/2022,27.69,13.87,204,186,90
348,mz,Carrizo,Carrizo_4,2,high,35.11928,-119.62825,05/22/2022,26.87,14.4,348,305,158
349,mz,Carrizo,Carrizo_4,2,high,35.1193,-119.62836,05/22/2022,26.85,14.78,347,286,112
350,mz,Carrizo,Carrizo_4,2,high,35.1193,-119.62838,05/22/2022,26.83,14.73,268,206,118
351,mz,Carrizo,Carrizo_3,1,open,35.16239,-119.67393,05/22/2022,25.8,14.43,0,0,0
352,mz,Carrizo,Carrizo_3,1,open,35.16239,-119.67393,05/22/2022,27.8,13.37,0,0,0
353,mz,Carrizo,Carrizo_3,2,open,35.1626,-119.67429,05/22/2022,29.19,13.1,0,0,0
354,mz,Carrizo,Carrizo_3,2,open,35.1626,-119.67429,05/22/2022,26.77,13.72,0,0,0
355,mz,Carrizo,Carrizo_3,1,high,35.16297,-119.67397,05/22/2022,28.42,13.3,295,205,145
356,mz,Carrizo,Carrizo_3,1,high,35.16303,-119.67406,05/22/2022,27.5,13.89,309,250,138
357,mz,Carrizo,Carrizo_3,1,high,35.16304,-119.67407,05/22/2022,28.08,13.86,348,220,145
358,mz,Carrizo,Carrizo_3,1,high,35.16312,-119.67412,05/22/2022,26.5,14.3,400,272,117
359,mz,Carrizo,Carrizo_3,1,high,35.16315,-119.67398,05/22/2022,26.82,14.86,196,101,98
360,mz,Carrizo,Carrizo_3,1,high,35.16313,-119.67397,05/22/2022,27.6,14.28,432,213,110
361,mz,Carrizo,Carrizo_3,1,high,35.16315,-119.67391,05/22/2022,28.18,13.13,331,300,122
362,mz,Carrizo,Carrizo_3,1,high,35.16313,-119.67377,05/22/2022,26.71,14.2,477,268,115
363,mz,Carrizo,Carrizo_3,1,high,35.1631,-119.67376,05/22/2022,27.44,14.46,467,204,105
364,mz,Carrizo,Carrizo_3,1,high,35.16309,-119.67374,05/22/2022,27.75,13.71,315,307,121
365,mz,Carrizo,Carrizo_3,2,high,35.16299,-119.67388,05/22/2022,27.54,13.63,539,385,131
366,mz,Carrizo,Carrizo_3,2,high,35.16285,-119.67444,05/22/2022,25.78,14.53,252,250,121
367,mz,Carrizo,Carrizo_3,2,high,35.16288,-119.67448,05/22/2022,24.69,15.14,305,201,123
368,mz,Carrizo,Carrizo_3,2,high,35.16291,-119.67451,05/22/2022,26.87,14.73,156,155,114
369,mz,Carrizo,Carrizo_3,2,high,35.16292,-119.67452,05/22/2022,27.83,13.85,233,227,150
370,mz,Carrizo,Carrizo_3,2,high,35.16293,-119.67468,05/22/2022,26.9,14.11,336,238,135
371,mz,Carrizo,Carrizo_3,2,high,35.1629,-119.67468,05/22/2022,26.95,13.93,341,252,131
372,mz,Carrizo,Carrizo_3,2,high,35.16283,-119.67464,05/22/2022,25.88,14.74,433,274,119
373,mz,Carrizo,Carrizo_3,2,high,35.16283,-119.67462,05/22/2022,26.3,14.32,237,166,104
374,mz,Carrizo,Carrizo_3,2,high,35.16278,-119.67467,05/22/2022,27.11,13.98,297,220,116
375,mz,Carrizo,Carrizo_3,2,high,35.16271,-119.6747,05/22/2022,27.6,15.38,259,235,110
376,mz,Carrizo,Carrizo_3,2,high,35.16269,-119.67458,05/22/2022,27.55,13.75,290,256,114
377,mz,Carrizo,Carrizo_3,2,high,35.16273,-119.67458,05/22/2022,28.21,13.43,380,244,109
378,mz,Mojave,Tecopa,1,high,35.85288,-116.18394,05/26/2022,39.66,9.46,68,63,110
379,mz,Mojave,Tecopa,1,high,35.85284,-116.18388,05/26/2022,39.12,9.72,200,163,198
380,mz,Mojave,Tecopa,1,high,35.85284,-116.18385,05/26/2022,39.04,9.75,250,232,237
381,mz,Mojave,Tecopa,1,high,35.85281,-116.18369,05/26/2022,39.26,9.68,84,80,72
382,mz,Mojave,Tecopa,1,high,35.8528,-116.18368,05/26/2022,39.57,9.53,65,61,90
383,mz,Mojave,Tecopa,1,high,35.85278,-116.18374,05/26/2022,39.44,9.62,77,65,69
384,mz,Mojave,Tecopa,1,high,35.85269,-116.18375,05/26/2022,39.18,9.76,82,73,79
385,mz,Mojave,Tecopa,1,high,35.85268,-116.18375,05/26/2022,38.83,10.01,103,99,85
386,mz,Mojave,Tecopa,1,high,35.85274,-116.18382,05/26/2022,39.12,9.87,79,59,64
387,mz,Mojave,Tecopa,1,high,35.85277,-116.18387,05/26/2022,39.26,9.77,95,90,70
388,mz,Mojave,Tecopa,2,high,35.8529,-116.18345,05/26/2022,40.26,9.15,332,205,190
389,mz,Mojave,Tecopa,2,high,35.85289,-116.18333,05/26/2022,39.66,9.53,134,126,167
390,mz,Mojave,Tecopa,2,high,35.85285,-116.18329,05/26/2022,40.23,9.38,134,127,146
391,mz,Mojave,Tecopa,2,high,35.85288,-116.1833,05/26/2022,40.48,9.32,98,90,127
392,mz,Mojave,Tecopa,2,high,35.85283,-116.18314,05/26/2022,40.66,9.19,194,175,112
393,mz,Mojave,Tecopa,2,high,35.85272,-116.1832,05/26/2022,39.82,9.43,148,140,114
394,mz,Mojave,Tecopa,2,high,35.85273,-116.18323,05/26/2022,40.21,9.27,93,84,111
395,mz,Mojave,Tecopa,2,high,35.85275,-116.18326,05/26/2022,40.51,9.17,123,108,94
396,mz,Mojave,Tecopa,2,high,35.85271,-116.1833,05/26/2022,40.21,9.3,219,131,116
397,mz,Mojave,Tecopa,2,high,35.85284,-116.18341,05/26/2022,39.98,9.28,192,140,125
398,mz,Mojave,Tecopa,2,high,35.85283,-116.18346,05/26/2022,40.29,9.46,115,100,113
399,mz,Mojave,Tecopa,3,high,35.85294,-116.18427,05/26/2022,38.65,10.21,291,247,137
400,mz,Mojave,Tecopa,3,high,35.85291,-116.1843,05/26/2022,38.7,10.17,128,117,115
401,mz,Mojave,Tecopa,3,high,35.85288,-116.18421,05/26/2022,38.28,12.18,128,106,122
402,mz,Mojave,Tecopa,3,high,35.85278,-116.18414,05/26/2022,38.51,10.96,70,55,101
403,mz,Mojave,Tecopa,3,high,35.85274,-116.18415,05/26/2022,38.16,10.36,96,62,79
404,mz,Mojave,Tecopa,3,high,35.85268,-116.18417,05/26/2022,38.84,10.04,164,97,94
405,mz,Mojave,Tecopa,3,high,35.85269,-116.18409,05/26/2022,38.89,9.94,101,88,69
406,mz,Mojave,Tecopa,3,high,35.85266,-116.18423,05/26/2022,38.21,10.33,125,88,104
407,mz,Mojave,Tecopa,3,high,35.85268,-116.18422,05/26/2022,38.01,10.69,89,80,78
408,mz,Mojave,Tecopa,3,high,35.8528,-116.18428,05/26/2022,37.83,11.07,63,33,58
409,mz,Mojave,Tecopa,3,high,35.85287,-116.18432,05/26/2022,38.39,10.47,95,87,111
410,mz,Mojave,Tecopa,4,high,35.85282,-116.18468,05/26/2022,39.15,9.87,108,86,96
411,mz,Mojave,Tecopa,4,high,35.85278,-116.18451,05/26/2022,38.67,10.06,69,63,66
412,mz,Mojave,Tecopa,4,high,35.85276,-116.18447,05/26/2022,39.18,9.86,133,80,53
413,mz,Mojave,Tecopa,4,high,35.85263,-116.18444,05/26/2022,39.16,9.89,153,73,78
414,mz,Mojave,Tecopa,4,high,35.85263,-116.18448,05/26/2022,39.12,9.77,137,72,68
415,mz,Mojave,Tecopa,4,high,35.85258,-116.1845,05/26/2022,38.35,10.14,85,64,55
416,mz,Mojave,Tecopa,4,high,35.85253,-116.18451,05/26/2022,38.57,10.06,60,60,58
417,mz,Mojave,Tecopa,4,high,35.85265,-116.18465,05/26/2022,38.74,10.03,103,102,73
418,mz,Mojave,Tecopa,4,high,35.85263,-116.18472,05/26/2022,38.33,10.05,115,80,77
419,mz,Mojave,Tecopa,4,high,35.85285,-116.18472,05/26/2022,38.87,9.98,128,105,99
420,mz,Mojave,Tecopa,1,open,35.85489,-116.17944,05/26/2022,41.94,7.82,0,0,0
421,mz,Mojave,Tecopa,1,open,35.85489,-116.17944,05/26/2022,39.19,9.16,0,0,0
422,mz,Mojave,Tecopa,2,open,35.8544,-116.17934,05/26/2022,38.94,8.78,0,0,0
423,mz,Mojave,Tecopa,2,open,35.8544,-116.17934,05/26/2022,39.48,8.05,0,0,0
424,mz,Mojave,Tecopa,3,open,35.85479,-116.17885,05/26/2022,39.25,8.52,0,0,0
425,mz,Mojave,Tecopa,3,open,35.85479,-116.17885,05/26/2022,38.86,8.8,0,0,0
426,mz,Mojave,Tecopa,4,open,35.85521,-116.17858,05/26/2022,39.2,10.82,0,0,0
427,mz,Mojave,Tecopa,4,open,35.85521,-116.17858,05/26/2022,38.31,10.04,0,0,0
428,mz,Cuyama,Cuyama_1,1,high,34.84867,-119.48421,05/28/2022,25.36,30.53,310,306,133
429,mz,Cuyama,Cuyama_1,1,high,34.84874,-119.48428,05/28/2022,25.52,31.19,329,275,136
430,mz,Cuyama,Cuyama_1,1,high,34.84882,-119.48426,05/28/2022,25.67,30.46,258,208,122
431,mz,Cuyama,Cuyama_1,1,high,34.84892,-119.48418,05/28/2022,24.86,30.77,301,174,90
432,mz,Cuyama,Cuyama_1,1,high,34.84894,-119.4841,05/28/2022,24.39,32.06,236,190,117
433,mz,Cuyama,Cuyama_1,1,high,34.84896,-119.48405,05/28/2022,24.79,32.2,479,296,188
434,mz,Cuyama,Cuyama_1,1,high,34.84892,-119.48399,05/28/2022,25.31,30.55,543,358,193
435,mz,Cuyama,Cuyama_1,1,high,34.84889,-119.48411,05/28/2022,25.2,30.61,314,220,180
436,mz,Cuyama,Cuyama_1,1,high,34.84882,-119.48412,05/28/2022,25.38,30.14,287,276,132
437,mz,Cuyama,Cuyama_1,1,high,34.84882,-119.48399,05/28/2022,25.42,30.79,470,387,165
438,mz,Cuyama,Cuyama_1,1,high,34.84875,-119.48398,05/28/2022,25.77,29.96,352,280,216
439,mz,Cuyama,Cuyama_1,1,high,34.84874,-119.48393,05/28/2022,25.37,30.14,332,317,162
440,mz,Cuyama,Cuyama_1,1,high,34.84865,-119.48393,05/28/2022,25.21,31.01,490,418,124
441,mz,Cuyama,Cuyama_1,1,high,34.84877,-119.48405,05/28/2022,25.67,30.26,224,183,108
442,mz,Cuyama,Cuyama_1,2,high,34.84901,-119.48436,05/28/2022,25.01,30.13,457,422,127
443,mz,Cuyama,Cuyama_1,2,high,34.84911,-119.48445,05/28/2022,24.53,31.5,404,358,148
444,mz,Cuyama,Cuyama_1,2,high,34.84915,-119.48448,05/28/2022,24.95,30.88,269,254,144
445,mz,Cuyama,Cuyama_1,2,high,34.84922,-119.48441,05/28/2022,25.65,29.63,320,287,132
446,mz,Cuyama,Cuyama_1,2,high,34.84922,-119.48439,05/28/2022,25.7,29.68,367,296,130
447,mz,Cuyama,Cuyama_1,2,high,34.84929,-119.48425,05/28/2022,26.52,28.54,410,365,144
448,mz,Cuyama,Cuyama_1,2,high,34.84934,-119.4842,05/28/2022,26.59,28.19,480,322,153
449,mz,Cuyama,Cuyama_1,2,high,34.84928,-119.48416,05/28/2022,25.43,28.86,266,233,117
450,mz,Cuyama,Cuyama_1,2,high,34.84921,-119.48411,05/28/2022,26.01,28.34,511,450,158
451,mz,Cuyama,Cuyama_1,2,high,34.84917,-119.48407,05/28/2022,24.89,28.32,356,340,130
452,mz,Cuyama,Cuyama_1,2,high,34.84916,-119.4842,05/28/2022,25.15,28.51,329,318,130
453,mz,Cuyama,Cuyama_1,2,high,34.84911,-119.48419,05/28/2022,25.25,28.41,442,383,148
454,mz,Cuyama,Cuyama_1,2,high,34.84904,-119.48426,05/28/2022,25.72,28.06,394,359,154
455,mz,Cuyama,Cuyama_2,1,high,34.85431,-119.48598,05/28/2022,25.58,28.93,339,307,144
456,mz,Cuyama,Cuyama_2,1,high,34.85429,-119.48615,05/28/2022,26.13,26.71,402,253,143
457,mz,Cuyama,Cuyama_2,1,high,34.85437,-119.48611,05/28/2022,26.15,26.83,306,273,162
458,mz,Cuyama,Cuyama_2,1,high,34.85441,-119.48611,05/28/2022,25.65,27.57,304,297,168
459,mz,Cuyama,Cuyama_2,1,high,34.85447,-119.48622,05/28/2022,24.06,30.3,420,320,158
460,mz,Cuyama,Cuyama_2,1,high,34.85453,-119.48618,05/28/2022,24.59,29.98,254,238,122
461,mz,Cuyama,Cuyama_2,1,high,34.85458,-119.48613,05/28/2022,24.87,27.97,357,356,146
462,mz,Cuyama,Cuyama_2,1,high,34.85465,-119.48612,05/28/2022,24.63,28.27,487,418,155
463,mz,Cuyama,Cuyama_2,1,high,34.85471,-119.48601,05/28/2022,24.73,29.53,337,325,160
464,mz,Cuyama,Cuyama_2,1,high,34.8546,-119.48595,05/28/2022,24.52,28.66,357,334,163
465,mz,Cuyama,Cuyama_2,1,high,34.85452,-119.48598,05/28/2022,24.9,28.61,435,419,171
466,mz,Cuyama,Cuyama_2,2,high,34.85379,-119.48594,05/28/2022,24.47,29.29,347,335,185
467,mz,Cuyama,Cuyama_2,2,high,34.85368,-119.48573,05/28/2022,24.15,29.91,376,356,169
468,mz,Cuyama,Cuyama_2,2,high,34.85348,-119.48561,05/28/2022,24.81,29.06,330,313,174
469,mz,Cuyama,Cuyama_2,2,high,34.85355,-119.48567,05/28/2022,24.73,29.61,330,295,166
470,mz,Cuyama,Cuyama_2,2,high,34.8535,-119.48595,05/28/2022,24.86,28,156,142,86
471,mz,Cuyama,Cuyama_2,2,high,34.85362,-119.48598,05/28/2022,24.65,28.9,235,231,146
472,mz,Cuyama,Cuyama_2,2,high,34.85356,-119.48605,05/28/2022,23.86,31.39,594,538,213
473,mz,Cuyama,Cuyama_2,2,high,34.85366,-119.48608,05/28/2022,24.2,30.84,426,381,209
474,mz,Cuyama,Cuyama_2,2,high,34.85369,-119.48623,05/28/2022,24.3,29.75,317,315,167
475,mz,Cuyama,Cuyama_2,2,high,34.85381,-119.48626,05/28/2022,25.02,29.05,167,131,97
476,mz,Cuyama,Cuyama_2,2,high,34.85393,-119.48602,05/28/2022,25.15,28.28,280,264,137
477,mz,Cuyama,Cuyama_1,1,open,34.8482,-119.48393,05/28/2022,24.18,32.58,,0,0
478,mz,Cuyama,Cuyama_1,1,open,34.8482,-119.48393,05/28/2022,23.93,32.99,0,0,0
479,mz,Cuyama,Cuyama_1,2,open,34.84853,-119.48433,05/28/2022,25.29,30.15,0,0,0
480,mz,Cuyama,Cuyama_1,2,open,34.84853,-119.48433,05/28/2022,23.9,32.96,0,0,0
481,mz,Cuyama,Cuyama_2,1,open,34.85491,-119.48505,05/28/2022,23.73,32.4,0,0,0
482,mz,Cuyama,Cuyama_2,1,open,34.85491,-119.48505,05/28/2022,28.35,33.67,0,0,0
483,mz,Cuyama,Cuyama_2,2,open,34.85442,-119.4848,05/28/2022,24.26,32,0,0,0
484,mz,Cuyama,Cuyama_2,2,open,34.85442,-119.4848,05/28/2022,25.31,28.14,0,0,0
485,mz,Carrizo,Carrizo_4,1,high,35.1196,-119.629,05/29/2022,24.39,34.67,410,312,124
486,mz,Carrizo,Carrizo_4,1,high,35.11969,-119.62907,05/29/2022,22.01,36.47,290,257,147
487,mz,Carrizo,Carrizo_4,1,high,35.11969,-119.6289,05/29/2022,19.17,43.72,463,279,141
488,mz,Carrizo,Carrizo_4,1,high,35.11967,-119.62882,05/29/2022,18.08,46.3,243,235,119
489,mz,Carrizo,Carrizo_4,1,high,35.11967,-119.62877,05/29/2022,18.39,46.55,291,255,135
490,mz,Carrizo,Carrizo_4,1,high,35.11965,-119.62871,05/29/2022,18.43,47,430,243,115
491,mz,Carrizo,Carrizo_4,1,high,35.11956,-119.62884,05/29/2022,18.58,46.15,250,206,127
492,mz,Carrizo,Carrizo_4,1,high,35.11949,-119.6288,05/29/2022,18.66,45.73,314,245,124
493,mz,Carrizo,Carrizo_4,1,high,35.11949,-119.6289,05/29/2022,18.91,45.93,212,182,114
494,mz,Carrizo,Carrizo_4,1,high,35.11945,-119.62898,05/29/2022,19.54,44.23,398,281,120
495,mz,Carrizo,Carrizo_4,1,high,35.11951,-119.62896,05/29/2022,19.51,43.9,237,182,99
496,mz,Carrizo,Carrizo_4,1,open,35.11994,-119.2885,05/29/2022,20.32,39.97,0,0,0
497,mz,Carrizo,Carrizo_4,1,open,35.11994,-119.2885,05/29/2022,20.13,43.77,0,0,0
498,mz,Carrizo,Carrizo_4,2,open,35.11888,-119.62764,05/29/2022,20.81,41.31,0,0,0
499,mz,Carrizo,Carrizo_4,2,open,35.11888,-119.62764,05/29/2022,22.28,36.98,0,0,0
500,mz,Carrizo,Carrizo_4,2,high,35.11931,-119.62838,05/29/2022,21.49,38.45,330,291,140
501,mz,Carrizo,Carrizo_4,2,high,35.11953,-119.62814,05/29/2022,20.39,42.42,288,223,134
502,mz,Carrizo,Carrizo_4,2,high,35.11961,-119.62805,05/29/2022,20.62,42.42,372,250,114
503,mz,Carrizo,Carrizo_4,2,high,35.11949,-119.62812,05/29/2022,21.71,39.85,340,230,157
504,mz,Carrizo,Carrizo_4,2,high,35.11948,-119.62814,05/29/2022,21.68,39.33,285,220,179
505,mz,Carrizo,Carrizo_4,2,high,35.11944,-119.62811,05/29/2022,22.1,39.1,437,385,176
506,mz,Carrizo,Carrizo_4,2,high,35.1194,-119.62821,05/29/2022,22.56,37.29,204,186,90
507,mz,Carrizo,Carrizo_4,2,high,35.11928,-119.62825,05/29/2022,21.07,39.43,348,305,158
508,mz,Carrizo,Carrizo_4,2,high,35.1193,-119.62836,05/29/2022,20.71,39.94,347,286,112
509,mz,Carrizo,Carrizo_4,2,high,35.1193,-119.62838,05/29/2022,19.96,41.4,268,206,118
510,mz,Carrizo,Carrizo_3,1,open,35.16239,-119.67393,05/29/2022,21.72,37.46,0,0,0
511,mz,Carrizo,Carrizo_3,1,open,35.16239,-119.67393,05/29/2022,18.58,44.91,0,0,0
512,mz,Carrizo,Carrizo_3,2,open,35.1626,-119.67429,05/29/2022,21.22,38.82,0,0,0
513,mz,Carrizo,Carrizo_3,2,open,35.1626,-119.67429,05/29/2022,19.3,42.33,0,0,0
514,mz,Carrizo,Carrizo_3,1,high,35.16297,-119.67397,05/29/2022,20.05,42.59,295,205,145
515,mz,Carrizo,Carrizo_3,1,high,35.16303,-119.67406,05/29/2022,19.02,44.03,309,250,138
516,mz,Carrizo,Carrizo_3,1,high,35.16304,-119.67407,05/29/2022,18.72,45.29,348,220,145
517,mz,Carrizo,Carrizo_3,1,high,35.16312,-119.67412,05/29/2022,19.44,43.54,400,272,117
518,mz,Carrizo,Carrizo_3,1,high,35.16315,-119.67398,05/29/2022,19.92,43.09,196,101,98
519,mz,Carrizo,Carrizo_3,1,high,35.16313,-119.67397,05/29/2022,20.37,41.8,432,213,110
520,mz,Carrizo,Carrizo_3,1,high,35.16315,-119.67391,05/29/2022,19.73,42.73,331,300,122
521,mz,Carrizo,Carrizo_3,1,high,35.16313,-119.67377,05/29/2022,19.69,43.58,477,268,115
522,mz,Carrizo,Carrizo_3,1,high,35.1631,-119.67376,05/29/2022,20.79,41.74,467,204,105
523,mz,Carrizo,Carrizo_3,1,high,35.16309,-119.67374,05/29/2022,20.83,40.28,315,307,121
524,mz,Carrizo,Carrizo_3,2,high,35.16299,-119.67388,05/29/2022,20.7,40.08,539,385,131
525,mz,Carrizo,Carrizo_3,2,high,35.16285,-119.67444,05/29/2022,21.42,39.7,252,250,121
526,mz,Carrizo,Carrizo_3,2,high,35.16288,-119.67448,05/29/2022,20.13,40.48,305,201,123
527,mz,Carrizo,Carrizo_3,2,high,35.16291,-119.67451,05/29/2022,19.49,42.16,156,155,114
528,mz,Carrizo,Carrizo_3,2,high,35.16292,-119.67452,05/29/2022,20.14,42.64,233,227,150
529,mz,Carrizo,Carrizo_3,2,high,35.16293,-119.67468,05/29/2022,18.99,43.39,336,238,135
530,mz,Carrizo,Carrizo_3,2,high,35.1629,-119.67468,05/29/2022,18.94,44.3,341,252,131
531,mz,Carrizo,Carrizo_3,2,high,35.16283,-119.67464,05/29/2022,18.58,44.58,433,274,119
532,mz,Carrizo,Carrizo_3,2,high,35.16283,-119.67462,05/29/2022,18.49,44.79,237,166,104
533,mz,Carrizo,Carrizo_3,2,high,35.16278,-119.67467,05/29/2022,18.31,44.7,297,220,116
534,mz,Carrizo,Carrizo_3,2,high,35.16271,-119.6747,05/29/2022,19.02,44.4,259,235,110
535,mz,Carrizo,Carrizo_3,2,high,35.16269,-119.67458,05/29/2022,18.5,44.73,290,256,114
536,mz,Carrizo,Carrizo_3,2,high,35.16273,-119.67458,05/29/2022,19.1,44.71,380,244,109
537,mz,Mojave,Tecopa,1,high,35.85288,-116.18394,06/03/2022,31.42,17.38,68,63,110
538,mz,Mojave,Tecopa,1,high,35.85284,-116.18388,06/03/2022,32.89,16.24,200,163,198
539,mz,Mojave,Tecopa,1,high,35.85284,-116.18385,06/03/2022,32.21,16.52,250,232,237
540,mz,Mojave,Tecopa,1,high,35.85281,-116.18369,06/03/2022,32.12,16.98,84,80,72
541,mz,Mojave,Tecopa,1,high,35.8528,-116.18368,06/03/2022,32.28,16.65,65,61,90
542,mz,Mojave,Tecopa,1,high,35.85278,-116.18374,06/03/2022,32.04,16.77,77,65,69
543,mz,Mojave,Tecopa,1,high,35.85269,-116.18375,06/03/2022,32.1,18.32,82,73,79
544,mz,Mojave,Tecopa,1,high,35.85268,-116.18375,06/03/2022,30.33,17.85,103,99,85
545,mz,Mojave,Tecopa,1,high,35.85274,-116.18382,06/03/2022,31.09,17.11,79,59,64
546,mz,Mojave,Tecopa,1,high,35.85277,-116.18387,06/03/2022,31.57,17.67,95,90,70
547,mz,Mojave,Tecopa,2,high,35.8529,-116.18345,06/03/2022,32.32,16.69,332,205,190
548,mz,Mojave,Tecopa,2,high,35.85289,-116.18333,06/03/2022,31.86,16.62,134,126,167
549,mz,Mojave,Tecopa,2,high,35.85285,-116.18329,06/03/2022,32.87,16.56,134,127,146
550,mz,Mojave,Tecopa,2,high,35.85288,-116.1833,06/03/2022,33.14,16.67,98,90,127
551,mz,Mojave,Tecopa,2,high,35.85283,-116.18314,06/03/2022,32.03,16.8,194,175,112
552,mz,Mojave,Tecopa,2,high,35.85272,-116.1832,06/03/2022,33.2,16.41,148,140,114
553,mz,Mojave,Tecopa,2,high,35.85273,-116.18323,06/03/2022,32.6,16.6,93,84,111
554,mz,Mojave,Tecopa,2,high,35.85275,-116.18326,06/03/2022,32.16,16.79,123,108,94
555,mz,Mojave,Tecopa,2,high,35.85271,-116.1833,06/03/2022,32.08,17.01,219,131,116
556,mz,Mojave,Tecopa,2,high,35.85284,-116.18341,06/03/2022,31.85,17.38,192,140,125
557,mz,Mojave,Tecopa,2,high,35.85283,-116.18346,06/03/2022,31.32,17.84,115,100,113
558,mz,Mojave,Tecopa,3,high,35.85294,-116.18427,06/03/2022,30.8,18.41,291,247,137
559,mz,Mojave,Tecopa,3,high,35.85291,-116.1843,06/03/2022,30.69,17.84,128,117,115
560,mz,Mojave,Tecopa,3,high,35.85288,-116.18421,06/03/2022,31.06,17.55,128,106,122
561,mz,Mojave,Tecopa,3,high,35.85278,-116.18414,06/03/2022,30.61,17.76,70,55,101
562,mz,Mojave,Tecopa,3,high,35.85274,-116.18415,06/03/2022,30.54,17.83,96,62,79
563,mz,Mojave,Tecopa,3,high,35.85268,-116.18417,06/03/2022,30.71,17.73,164,97,94
564,mz,Mojave,Tecopa,3,high,35.85269,-116.18409,06/03/2022,30.93,17.53,101,88,69
565,mz,Mojave,Tecopa,3,high,35.85266,-116.18423,06/03/2022,30.3,18.6,125,88,104
566,mz,Mojave,Tecopa,3,high,35.85268,-116.18422,06/03/2022,30.28,18.38,89,80,78
567,mz,Mojave,Tecopa,3,high,35.8528,-116.18428,06/03/2022,30.23,18.61,63,33,58
568,mz,Mojave,Tecopa,3,high,35.85287,-116.18432,06/03/2022,30.34,18.66,95,87,111
569,mz,Mojave,Tecopa,4,high,35.85282,-116.18468,06/03/2022,32.26,16.78,108,86,96
570,mz,Mojave,Tecopa,4,high,35.85278,-116.18451,06/03/2022,31.72,17.15,69,63,66
571,mz,Mojave,Tecopa,4,high,35.85276,-116.18447,06/03/2022,31.79,17.11,133,80,53
572,mz,Mojave,Tecopa,4,high,35.85263,-116.18444,06/03/2022,31.77,17.02,153,73,78
573,mz,Mojave,Tecopa,4,high,35.85263,-116.18448,06/03/2022,31.35,17.48,137,72,68
574,mz,Mojave,Tecopa,4,high,35.85258,-116.1845,06/03/2022,31.66,17.33,85,64,55
575,mz,Mojave,Tecopa,4,high,35.85253,-116.18451,06/03/2022,31.98,18.51,60,60,58
576,mz,Mojave,Tecopa,4,high,35.85265,-116.18465,06/03/2022,31.42,17.36,103,102,73
577,mz,Mojave,Tecopa,4,high,35.85263,-116.18472,06/03/2022,31.91,16.59,115,80,77
578,mz,Mojave,Tecopa,4,high,35.85285,-116.18472,06/03/2022,32.39,17.05,128,105,99
579,mz,Mojave,Tecopa,1,open,35.85489,-116.17944,06/03/2022,30.69,17.57,0,0,0
580,mz,Mojave,Tecopa,1,open,35.85489,-116.17944,06/03/2022,31.5,17.16,0,0,0
581,mz,Mojave,Tecopa,2,open,35.8544,-116.17934,06/03/2022,30.54,17.89,0,0,0
582,mz,Mojave,Tecopa,2,open,35.8544,-116.17934,06/03/2022,31.02,18.18,0,0,0
583,mz,Mojave,Tecopa,3,open,35.85479,-116.17885,06/03/2022,31.77,17.5,0,0,0
584,mz,Mojave,Tecopa,3,open,35.85479,-116.17885,06/03/2022,31.34,17.71,0,0,0
585,mz,Mojave,Tecopa,4,open,35.85521,-116.17858,06/03/2022,31.24,17.46,0,0,0
586,mz,Mojave,Tecopa,4,open,35.85521,-116.17858,06/03/2022,31.94,16.75,0,0,0
587,mz,Carrizo,Carrizo_4,1,high,35.1196,-119.629,06/05/2020,28.33,20.2,410,312,124
588,mz,Carrizo,Carrizo_4,1,high,35.11969,-119.62907,06/05/2020,28.62,21.21,290,257,147
589,mz,Carrizo,Carrizo_4,1,high,35.11969,-119.6289,06/05/2020,28.2,20.39,463,279,141
590,mz,Carrizo,Carrizo_4,1,high,35.11967,-119.62882,06/05/2020,28.4,19.98,243,235,119
591,mz,Carrizo,Carrizo_4,1,high,35.11967,-119.62877,06/05/2020,28.41,20.32,291,255,135
592,mz,Carrizo,Carrizo_4,1,high,35.11965,-119.62871,06/05/2020,28.94,19.63,430,243,115
593,mz,Carrizo,Carrizo_4,1,high,35.11956,-119.62884,06/05/2020,28.6,21.11,250,206,127
594,mz,Carrizo,Carrizo_4,1,high,35.11949,-119.6288,06/05/2020,28.54,19.57,314,245,124
595,mz,Carrizo,Carrizo_4,1,high,35.11949,-119.6289,06/05/2020,30.38,18.74,212,182,114
596,mz,Carrizo,Carrizo_4,1,high,35.11945,-119.62898,06/05/2020,29.54,18.59,398,281,120
597,mz,Carrizo,Carrizo_4,1,high,35.11951,-119.62896,06/05/2020,29.09,19.27,237,182,99
598,mz,Carrizo,Carrizo_4,1,open,35.11994,-119.2885,06/05/2020,25.87,22.67,0,0,0
599,mz,Carrizo,Carrizo_4,1,open,35.11994,-119.2885,06/05/2020,26.38,21.6,0,0,0
600,mz,Carrizo,Carrizo_4,2,open,35.11888,-119.62764,06/05/2020,27.31,21.28,0,0,0
601,mz,Carrizo,Carrizo_4,2,open,35.11888,-119.62764,06/05/2020,31.24,17.34,0,0,0
602,mz,Carrizo,Carrizo_4,2,high,35.11931,-119.62838,06/05/2020,33.23,15.97,330,291,140
603,mz,Carrizo,Carrizo_4,2,high,35.11953,-119.62814,06/05/2020,31.97,16.48,288,223,134
604,mz,Carrizo,Carrizo_4,2,high,35.11961,-119.62805,06/05/2020,30.74,17.37,372,250,114
605,mz,Carrizo,Carrizo_4,2,high,35.11949,-119.62812,06/05/2020,31.08,19.6,340,230,157
606,mz,Carrizo,Carrizo_4,2,high,35.11948,-119.62814,06/05/2020,30.63,18.24,285,220,179
607,mz,Carrizo,Carrizo_4,2,high,35.11944,-119.62811,06/05/2020,30.39,18.65,437,385,176
608,mz,Carrizo,Carrizo_4,2,high,35.1194,-119.62821,06/05/2020,30.16,18.04,204,186,90
609,mz,Carrizo,Carrizo_4,2,high,35.11928,-119.62825,06/05/2020,30.09,19.23,348,305,158
610,mz,Carrizo,Carrizo_4,2,high,35.1193,-119.62836,06/05/2020,29.82,18.33,347,286,112
611,mz,Carrizo,Carrizo_4,2,high,35.1193,-119.62838,06/05/2020,29.94,19.06,268,206,118
612,mz,Carrizo,Carrizo_3,1,open,35.16239,-119.67393,06/05/2020,26.13,23.35,0,0,0
613,mz,Carrizo,Carrizo_3,1,open,35.16239,-119.67393,06/05/2020,28.33,21.09,0,0,0
614,mz,Carrizo,Carrizo_3,2,open,35.1626,-119.67429,06/05/2020,25.07,24.04,0,0,0
615,mz,Carrizo,Carrizo_3,2,open,35.1626,-119.67429,06/05/2020,25.94,23.42,0,0,0
616,mz,Carrizo,Carrizo_3,1,high,35.16297,-119.67397,06/05/2020,26.52,22.24,295,205,145
617,mz,Carrizo,Carrizo_3,1,high,35.16303,-119.67406,06/05/2020,25.99,22.32,309,250,138
618,mz,Carrizo,Carrizo_3,1,high,35.16304,-119.67407,06/05/2020,25.8,23.25,348,220,145
619,mz,Carrizo,Carrizo_3,1,high,35.16312,-119.67412,06/05/2020,25.05,23.72,400,272,117
620,mz,Carrizo,Carrizo_3,1,high,35.16315,-119.67398,06/05/2020,24.5,24.69,196,101,98
621,mz,Carrizo,Carrizo_3,1,high,35.16313,-119.67397,06/05/2020,24.36,24.48,432,213,110
622,mz,Carrizo,Carrizo_3,1,high,35.16315,-119.67391,06/05/2020,25,24,331,300,122
623,mz,Carrizo,Carrizo_3,1,high,35.16313,-119.67377,06/05/2020,23.66,25.57,477,268,115
624,mz,Carrizo,Carrizo_3,1,high,35.1631,-119.67376,06/05/2020,25.53,23.66,467,204,105
625,mz,Carrizo,Carrizo_3,1,high,35.16309,-119.67374,06/05/2020,23.38,26.14,315,307,121
626,mz,Carrizo,Carrizo_3,2,high,35.16299,-119.67388,06/05/2020,25.51,23.59,539,385,131
627,mz,Carrizo,Carrizo_3,2,high,35.16285,-119.67444,06/05/2020,25.88,25.2,252,250,121
628,mz,Carrizo,Carrizo_3,2,high,35.16288,-119.67448,06/05/2020,25.41,23.21,305,201,123
629,mz,Carrizo,Carrizo_3,2,high,35.16291,-119.67451,06/05/2020,26.09,23.4,156,155,114
630,mz,Carrizo,Carrizo_3,2,high,35.16292,-119.67452,06/05/2020,27.11,22.6,233,227,150
631,mz,Carrizo,Carrizo_3,2,high,35.16293,-119.67468,06/05/2020,27.58,24.91,336,238,135
632,mz,Carrizo,Carrizo_3,2,high,35.1629,-119.67468,06/05/2020,27.36,21.74,341,252,131
633,mz,Carrizo,Carrizo_3,2,high,35.16283,-119.67464,06/05/2020,26.42,22.17,433,274,119
634,mz,Carrizo,Carrizo_3,2,high,35.16283,-119.67462,06/05/2020,25.82,22.5,237,166,104
635,mz,Carrizo,Carrizo_3,2,high,35.16278,-119.67467,06/05/2020,25.64,23.48,297,220,116
636,mz,Carrizo,Carrizo_3,2,high,35.16271,-119.6747,06/05/2020,25.95,23.32,259,235,110
637,mz,Carrizo,Carrizo_3,2,high,35.16269,-119.67458,06/05/2020,28.83,22.05,290,256,114
638,mz,Carrizo,Carrizo_3,2,high,35.16273,-119.67458,06/05/2020,28.82,20.32,380,244,109
639,mz,Cuyama,Cuyama_1,1,high,34.84867,-119.48421,06/06/2022,21.73,55.07,310,306,133
640,mz,Cuyama,Cuyama_1,1,high,34.84874,-119.48428,06/06/2022,21.22,57.12,329,275,136
641,mz,Cuyama,Cuyama_1,1,high,34.84882,-119.48426,06/06/2022,22.03,56,258,208,122
642,mz,Cuyama,Cuyama_1,1,high,34.84892,-119.48418,06/06/2022,21.83,55.35,301,174,90
643,mz,Cuyama,Cuyama_1,1,high,34.84894,-119.4841,06/06/2022,21.64,56.13,236,190,117
644,mz,Cuyama,Cuyama_1,1,high,34.84896,-119.48405,06/06/2022,21.85,56.34,479,296,188
645,mz,Cuyama,Cuyama_1,1,high,34.84892,-119.48399,06/06/2022,22.58,54.45,543,358,193
646,mz,Cuyama,Cuyama_1,1,high,34.84889,-119.48411,06/06/2022,24,50.97,314,220,180
647,mz,Cuyama,Cuyama_1,1,high,34.84882,-119.48412,06/06/2022,23.34,51.96,287,276,132
648,mz,Cuyama,Cuyama_1,1,high,34.84882,-119.48399,06/06/2022,23.06,52.46,470,387,165
649,mz,Cuyama,Cuyama_1,1,high,34.84875,-119.48398,06/06/2022,23.06,52.61,352,280,216
650,mz,Cuyama,Cuyama_1,1,high,34.84874,-119.48393,06/06/2022,22.94,51.76,332,317,162
651,mz,Cuyama,Cuyama_1,1,high,34.84865,-119.48393,06/06/2022,23.59,52.55,490,418,124
652,mz,Cuyama,Cuyama_1,1,high,34.84877,-119.48405,06/06/2022,23.25,52,224,183,108
653,mz,Cuyama,Cuyama_1,2,high,34.84901,-119.48436,06/06/2022,21.97,55.08,457,422,127
654,mz,Cuyama,Cuyama_1,2,high,34.84911,-119.48445,06/06/2022,23.1,53.92,404,358,148
655,mz,Cuyama,Cuyama_1,2,high,34.84915,-119.48448,06/06/2022,21.51,51.53,269,254,144
656,mz,Cuyama,Cuyama_1,2,high,34.84922,-119.48441,06/06/2022,23.87,51.54,320,287,132
657,mz,Cuyama,Cuyama_1,2,high,34.84922,-119.48439,06/06/2022,24.27,49.93,367,296,130
658,mz,Cuyama,Cuyama_1,2,high,34.84929,-119.48425,06/06/2022,24.77,48.68,410,365,144
659,mz,Cuyama,Cuyama_1,2,high,34.84934,-119.4842,06/06/2022,25.01,48.13,480,322,153
660,mz,Cuyama,Cuyama_1,2,high,34.84928,-119.48416,06/06/2022,23.18,50,266,233,117
661,mz,Cuyama,Cuyama_1,2,high,34.84921,-119.48411,06/06/2022,22.65,52.55,511,450,158
662,mz,Cuyama,Cuyama_1,2,high,34.84917,-119.48407,06/06/2022,23.16,52.33,356,340,130
663,mz,Cuyama,Cuyama_1,2,high,34.84916,-119.4842,06/06/2022,23.81,51.07,329,318,130
664,mz,Cuyama,Cuyama_1,2,high,34.84911,-119.48419,06/06/2022,24.31,49.63,442,383,148
665,mz,Cuyama,Cuyama_1,2,high,34.84904,-119.48426,06/06/2022,24.21,49.81,394,359,154
666,mz,Cuyama,Cuyama_2,1,high,34.85431,-119.48598,06/06/2022,23.95,49.25,339,307,144
667,mz,Cuyama,Cuyama_2,1,high,34.85429,-119.48615,06/06/2022,24.63,47.62,402,253,143
668,mz,Cuyama,Cuyama_2,1,high,34.85437,-119.48611,06/06/2022,24.57,47.83,306,273,162
669,mz,Cuyama,Cuyama_2,1,high,34.85441,-119.48611,06/06/2022,24.2,47.35,304,297,168
670,mz,Cuyama,Cuyama_2,1,high,34.85447,-119.48622,06/06/2022,23.13,51.38,420,320,158
671,mz,Cuyama,Cuyama_2,1,high,34.85453,-119.48618,06/06/2022,23.95,49.39,254,238,122
672,mz,Cuyama,Cuyama_2,1,high,34.85458,-119.48613,06/06/2022,23.95,48.83,357,356,146
673,mz,Cuyama,Cuyama_2,1,high,34.85465,-119.48612,06/06/2022,24.21,49.26,487,418,155
674,mz,Cuyama,Cuyama_2,1,high,34.85471,-119.48601,06/06/2022,24.36,49.14,337,325,160
675,mz,Cuyama,Cuyama_2,1,high,34.8546,-119.48595,06/06/2022,23.19,49.55,357,334,163
676,mz,Cuyama,Cuyama_2,1,high,34.85452,-119.48598,06/06/2022,23.62,50.03,435,419,171
677,mz,Cuyama,Cuyama_2,2,high,34.85379,-119.48594,06/06/2022,24.08,49.25,347,335,185
678,mz,Cuyama,Cuyama_2,2,high,34.85368,-119.48573,06/06/2022,23.69,49.52,376,356,169
679,mz,Cuyama,Cuyama_2,2,high,34.85348,-119.48561,06/06/2022,23.77,50.71,330,313,174
680,mz,Cuyama,Cuyama_2,2,high,34.85355,-119.48567,06/06/2022,24.08,49.79,330,295,166
681,mz,Cuyama,Cuyama_2,2,high,34.8535,-119.48595,06/06/2022,23.8,51.14,156,142,86
682,mz,Cuyama,Cuyama_2,2,high,34.85362,-119.48598,06/06/2022,24.57,48.21,235,231,146
683,mz,Cuyama,Cuyama_2,2,high,34.85356,-119.48605,06/06/2022,24.04,49.2,594,538,213
684,mz,Cuyama,Cuyama_2,2,high,34.85366,-119.48608,06/06/2022,24.59,49.09,426,381,209
685,mz,Cuyama,Cuyama_2,2,high,34.85369,-119.48623,06/06/2022,24.32,49.56,317,315,167
686,mz,Cuyama,Cuyama_2,2,high,34.85381,-119.48626,06/06/2022,25.48,46,167,131,97
687,mz,Cuyama,Cuyama_2,2,high,34.85393,-119.48602,06/06/2022,26.15,43.8,280,264,137
688,mz,Cuyama,Cuyama_1,1,open,34.8482,-119.48393,06/06/2022,20.7,59.16,0,0,0
689,mz,Cuyama,Cuyama_1,1,open,34.8482,-119.48393,06/06/2022,21.27,57.74,0,0,0
690,mz,Cuyama,Cuyama_1,2,open,34.84853,-119.48433,06/06/2022,21.95,53.37,0,0,0
691,mz,Cuyama,Cuyama_1,2,open,34.84853,-119.48433,06/06/2022,21.88,55.04,0,0,0
692,mz,Cuyama,Cuyama_2,1,open,34.85491,-119.48505,06/06/2022,26,44.99,0,0,0
693,mz,Cuyama,Cuyama_2,1,open,34.85491,-119.48505,06/06/2022,25.68,46.74,0,0,0
694,mz,Cuyama,Cuyama_2,2,open,34.85442,-119.4848,06/06/2022,25.34,46.44,0,0,0
695,mz,Cuyama,Cuyama_2,2,open,34.85442,-119.4848,06/06/2022,25.31,45.74,0,0,0
944,ng,Mojave,Tecopa,1,open,35.85541,-116.17905,03/06/2022,31.61,16.4,,,
945,ng,Mojave,Tecopa,2,open,35.85546,-116.17902,03/06/2022,32.35,16.45,,,
946,ng,Mojave,Tecopa,3,open,35.85541,-116.17905,03/06/2022,32.2,16,,,
947,ng,Mojave,Tecopa,4,open,35.85549,-116.17905,03/06/2022,32.01,16.09,,,
948,ng,Mojave,Tecopa,1,open,35.85541,-116.17905,03/06/2022,31.75,16.43,,,
949,ng,Mojave,Tecopa,1,open,35.85541,-116.17905,03/06/2022,31.21,16.78,,,
950,ng,Mojave,Tecopa,2,open,35.85546,-116.17902,03/06/2022,31.23,16.85,,,
951,ng,Mojave,Tecopa,2,open,35.85546,-116.17902,03/06/2022,31.39,17.23,,,
381,ng,Carrizo,Carrizo_Soda Lake,1,open,35.05621,-119.60119,05/11/2022,18.15,19.25,,,
382,ng,Carrizo,Carrizo_Soda Lake,2,open,35.05613,-119.60137,05/11/2022,17.84,18.92,,,
383,ng,Carrizo,Carrizo_Soda Lake,3,open,35.05614,-119.60146,05/11/2022,19.07,18.05,,,
384,ng,Carrizo,Carrizo_Soda Lake,4,open,35.05618,-119.60149,05/11/2022,19.24,18.08,,,
385,ng,Carrizo,Carrizo_Soda Lake,5,open,35.0562,-119.60149,05/11/2022,19.17,18.99,,,
386,ng,Carrizo,Carrizo_Soda Lake,6,open,35.05634,-119.60142,05/11/2022,19.14,18.4,,,
387,ng,Carrizo,Carrizo_Soda Lake,7,open,35.05627,-119.60138,05/11/2022,18.54,18.14,,,
388,ng,Carrizo,Carrizo_Soda Lake,8,open,35.05621,-119.60126,05/11/2022,18.42,18.75,,,
952,ng,Mojave,Tecopa_open,1,open,35.85541,-116.17905,05/14/2022,37.54,5.23,,,
953,ng,Mojave,Tecopa_open,2,open,35.85546,-116.17902,05/14/2022,37.46,5.27,,,
954,ng,Mojave,Tecopa_open,3,open,35.85541,-116.17905,05/14/2022,37.73,5.27,,,
955,ng,Mojave,Tecopa_open,4,open,35.85549,-116.17905,05/14/2022,37.62,5.68,,,
397,ng,Carrizo,Carrizo_Soda Lake,1,open,35.05621,-119.60119,05/16/2022,25.6,18.92,,,
398,ng,Carrizo,Carrizo_Soda Lake,2,open,35.05613,-119.60137,05/16/2022,25.68,19.11,,,
399,ng,Carrizo,Carrizo_Soda Lake,3,open,35.05614,-119.60146,05/16/2022,25.37,21.11,,,
400,ng,Carrizo,Carrizo_Soda Lake,4,open,35.05618,-119.60149,05/16/2022,24.05,21,,,
401,ng,Carrizo,Carrizo_Soda Lake,5,open,35.0562,-119.60149,05/16/2022,25.4,19.52,,,
402,ng,Carrizo,Carrizo_Soda Lake,6,open,35.05634,-119.60142,05/16/2022,25.04,19.59,,,
403,ng,Carrizo,Carrizo_Soda Lake,7,open,35.05627,-119.60138,05/16/2022,24.3,19.84,,,
404,ng,Carrizo,Carrizo_Soda Lake,8,open,35.05621,-119.60126,05/16/2022,25.15,19.51,,,
413,ng,Carrizo,Carrizo_Soda Lake,1,open,35.05621,-119.60119,05/21/2022,26,14.11,,,
414,ng,Carrizo,Carrizo_Soda Lake,2,open,35.05613,-119.60137,05/21/2022,27.13,13.53,,,
415,ng,Carrizo,Carrizo_Soda Lake,3,open,35.05614,-119.60146,05/21/2022,27.76,13.52,,,
416,ng,Carrizo,Carrizo_Soda Lake,4,open,35.05618,-119.60149,05/21/2022,27.69,13,,,
417,ng,Carrizo,Carrizo_Soda Lake,5,open,35.0562,-119.60149,05/21/2022,26.69,13.52,,,
418,ng,Carrizo,Carrizo_Soda Lake,6,open,35.05634,-119.60142,05/21/2022,26.72,13.67,,,
419,ng,Carrizo,Carrizo_Soda Lake,7,open,35.05627,-119.60138,05/21/2022,26.51,13.74,,,
420,ng,Carrizo,Carrizo_Soda Lake,8,open,35.05621,-119.60126,05/21/2022,27.6,13.42,,,
429,ng,Carrizo,Carrizo_Soda Lake,1,open,35.05621,-119.60119,05/28/2022,22.2,37.44,,,
430,ng,Carrizo,Carrizo_Soda Lake,2,open,35.05613,-119.60137,05/28/2022,21.71,37.17,,,
431,ng,Carrizo,Carrizo_Soda Lake,3,open,35.05614,-119.60146,05/28/2022,23.08,35.21,,,
432,ng,Carrizo,Carrizo_Soda Lake,4,open,35.05618,-119.60149,05/28/2022,22.26,25.37,,,
433,ng,Carrizo,Carrizo_Soda Lake,5,open,35.0562,-119.60149,05/28/2022,21.9,36.01,,,
434,ng,Carrizo,Carrizo_Soda Lake,6,open,35.05634,-119.60142,05/28/2022,22.16,35.01,,,
435,ng,Carrizo,Carrizo_Soda Lake,7,open,35.05627,-119.60138,05/28/2022,23.22,34.39,,,
436,ng,Carrizo,Carrizo_Soda Lake,8,open,35.05621,-119.60126,05/28/2022,22.67,35.12,,,
445,ng,Carrizo,Carrizo_Soda Lake,1,open,35.05621,-119.60119,06/06/2022,21.12,60.28,,,
446,ng,Carrizo,Carrizo_Soda Lake,2,open,35.05613,-119.60137,06/06/2022,21.9,57.76,,,
447,ng,Carrizo,Carrizo_Soda Lake,3,open,35.05614,-119.60146,06/06/2022,21.91,57.82,,,
448,ng,Carrizo,Carrizo_Soda Lake,4,open,35.05618,-119.60149,06/06/2022,22.73,55.84,,,
449,ng,Carrizo,Carrizo_Soda Lake,5,open,35.0562,-119.60149,06/06/2022,22.75,55.14,,,
450,ng,Carrizo,Carrizo_Soda Lake,6,open,35.05634,-119.60142,06/06/2022,23,54.06,,,
451,ng,Carrizo,Carrizo_Soda Lake,7,open,35.05627,-119.60138,06/06/2022,22.69,53.96,,,
452,ng,Carrizo,Carrizo_Soda Lake,8,open,35.05621,-119.60126,06/06/2022,22.26,55.81,,,
920,ng,Mojave,Tecopa,1,shrub,35.85309,-116.18443,03/06/2022,30.12,17.9,,,
923,ng,Mojave,Tecopa,2,shrub,35.85297,-116.18407,03/06/2022,30.74,17.36,,,
926,ng,Mojave,Tecopa,3,shrub,35.85294,-116.18396,03/06/2022,30.82,17.24,,,
929,ng,Mojave,Tecopa,4,shrub,35.85303,-116.18407,03/06/2022,31.39,16.82,,,
932,ng,Mojave,Tecopa,5,shrub,35.85313,-116.18401,03/06/2022,32.47,16.32,,,
935,ng,Mojave,Tecopa,6,shrub,35.85307,-116.18394,03/06/2022,32.27,16.86,,,
938,ng,Mojave,Tecopa,7,shrub,35.85313,-116.184384,03/06/2022,30.85,17.27,,,
941,ng,Mojave,Tecopa,8,shrub,35.8538,-116.184295,03/06/2022,30.95,17.93,,,
357,ng,Carrizo,Carrizo_4,1,shrub,35.11949,-119.62963,05/06/2022,27.78,21.65,,,
360,ng,Carrizo,Carrizo_4,2,shrub,35.11929,-119.62958,05/06/2022,28.53,20.95,,,
363,ng,Carrizo,Carrizo_4,3,shrub,35.11912,-119.62968,05/06/2022,27.51,21.4,,,
366,ng,Carrizo,Carrizo_4,4,shrub,35.11908,-119.62946,05/06/2022,25.79,16.23,,,
369,ng,Carrizo,Carrizo_4,5,shrub,35.1191,-11962942,05/06/2022,28.12,20.55,,,
372,ng,Carrizo,Carrizo_4,6,shrub,35.11912,-119.62924,05/06/2022,,,,,
375,ng,Carrizo,Carrizo_4,7,shrub,35.11908,-119.62905,05/06/2022,28.03,20.56,,,
378,ng,Carrizo,Carrizo_4,8,shrub,35.11881,-119.6291,05/06/2022,28.98,22.12,,,
136,ng,Carrizo,Carrizo_4,1,shrub,35.11949,-119.62963,05/11/2022,14.3,29.87,,,
139,ng,Carrizo,Carrizo_4,2,shrub,35.11929,-119.62958,05/11/2022,16.62,24.94,,,
142,ng,Carrizo,Carrizo_4,3,shrub,35.11912,-119.62968,05/11/2022,15.58,26.64,,,
145,ng,Carrizo,Carrizo_4,4,shrub,35.11908,-119.62946,05/11/2022,16.72,26.6,,,
148,ng,Carrizo,Carrizo_4,5,shrub,35.1191,-11962942,05/11/2022,16.73,24.96,,,
151,ng,Carrizo,Carrizo_4,6,shrub,35.11912,-119.62924,05/11/2022,15.22,27.83,,,
154,ng,Carrizo,Carrizo_4,7,shrub,35.11908,-119.62905,05/11/2022,13.93,27.81,,,
157,ng,Carrizo,Carrizo_4,8,shrub,35.11881,-119.6291,05/11/2022,15.18,26.98,,,
896,ng,Mojave,Tecopa,1,shrub,35.85309,-116.18443,05/14/2022,38.42,5.03,,,
899,ng,Mojave,Tecopa,2,shrub,35.85297,-116.18407,05/14/2022,38.68,5.03,,,
902,ng,Mojave,Tecopa,3,shrub,35.85294,-116.18396,05/14/2022,38.42,5.17,,,
905,ng,Mojave,Tecopa,4,shrub,35.85303,-116.18407,05/14/2022,37.76,5.23,,,
160,ng,Carrizo,Carrizo_4,1,shrub,35.11949,-119.62963,05/16/2022,27.22,17.64,,,
166,ng,Carrizo,Carrizo_4,2,shrub,35.11929,-119.62958,05/17/2022,26.13,17.72,,,
172,ng,Carrizo,Carrizo_4,3,shrub,35.11912,-119.62968,05/17/2022,27.85,16.99,,,
178,ng,Carrizo,Carrizo_4,4,shrub,35.11908,-119.62946,05/17/2022,25.2,17.72,,,
184,ng,Carrizo,Carrizo_4,5,shrub,35.1191,-11962942,05/17/2022,25.53,19.13,,,
190,ng,Carrizo,Carrizo_4,6,shrub,35.11912,-119.62924,05/17/2022,28.23,16.12,,,
196,ng,Carrizo,Carrizo_4,7,shrub,35.11908,-119.62905,05/17/2022,25.61,17.94,,,
202,ng,Carrizo,Carrizo_4,8,shrub,35.11881,-119.6291,05/17/2022,26.35,16.23,,,
209,ng,Carrizo,Carrizo_4,1,shrub,35.11949,-119.62963,05/22/2022,23.58,18.23,,,
212,ng,Carrizo,Carrizo_4,2,shrub,35.11929,-119.62958,05/22/2022,24.62,17.1,,,
215,ng,Carrizo,Carrizo_4,3,shrub,35.11912,-119.62968,05/22/2022,25.54,16.23,,,
218,ng,Carrizo,Carrizo_4,4,shrub,35.11908,-119.62946,05/22/2022,25.79,16.23,,,
221,ng,Carrizo,Carrizo_4,5,shrub,35.1191,-11962942,05/22/2022,26.01,16.06,,,
224,ng,Carrizo,Carrizo_4,6,shrub,35.11912,-119.62924,05/22/2022,26.06,16.09,,,
227,ng,Carrizo,Carrizo_4,7,shrub,35.11908,-119.62905,05/22/2022,24.88,16.84,,,
230,ng,Carrizo,Carrizo_4,8,shrub,35.11881,-119.6291,05/22/2022,26.21,15.58,,,
908,ng,Mojave,Tecopa,1,shrub,35.85309,-116.18443,05/26/2022,29.74,9.71,,,
911,ng,Mojave,Tecopa,2,shrub,35.85297,-116.18407,05/26/2022,40.56,9.34,,,
914,ng,Mojave,Tecopa,3,shrub,35.85294,-116.18396,05/26/2022,39.72,9.55,,,
917,ng,Mojave,Tecopa,4,shrub,35.85303,-116.18407,05/26/2022,39.73,9.63,,,
233,ng,Carrizo,Carrizo_4,1,shrub,35.11949,-119.62963,05/29/2022,23.08,35.66,,,
236,ng,Carrizo,Carrizo_4,2,shrub,35.11929,-119.62958,05/29/2022,21.58,38.74,,,
239,ng,Carrizo,Carrizo_4,3,shrub,35.11912,-119.62968,05/29/2022,21.38,38.45,,,
242,ng,Carrizo,Carrizo_4,4,shrub,35.11908,-119.62946,05/29/2022,21.7,38.23,,,
245,ng,Carrizo,Carrizo_4,5,shrub,35.1191,-11962942,05/29/2022,21.36,39.37,,,
248,ng,Carrizo,Carrizo_4,6,shrub,35.11912,-119.62924,05/29/2022,21.52,39.19,,,
251,ng,Carrizo,Carrizo_4,7,shrub,35.11908,-119.62905,05/29/2022,21.27,36.34,,,
254,ng,Carrizo,Carrizo_4,8,shrub,35.11881,-119.6291,05/29/2022,21.3,36.48,,,
921,ng,Mojave,Tecopa,1,square,35.85309,-116.18443,03/06/2022,20.26,17.7,,,
924,ng,Mojave,Tecopa,2,square,35.85297,-116.18407,03/06/2022,30.56,17.38,,,
927,ng,Mojave,Tecopa,3,square,35.85294,-116.18396,03/06/2022,30.65,17.75,,,
930,ng,Mojave,Tecopa,4,square,35.85303,-116.18407,03/06/2022,31.28,17.01,,,
933,ng,Mojave,Tecopa,5,square,35.85309,-116.18443,03/06/2022,32.52,15.92,,,
936,ng,Mojave,Tecopa,6,square,35.85309,-116.18443,03/06/2022,31.34,19.97,,,
939,ng,Mojave,Tecopa,7,square,35.85309,-116.18443,03/06/2022,30.75,17.27,,,
942,ng,Mojave,Tecopa,8,square,35.85309,-116.18443,03/06/2022,31.2,17.04,,,
358,ng,Carrizo,Carrizo_4,1,square,35.11949,-119.62963,05/06/2022,28.52,20.58,,,
361,ng,Carrizo,Carrizo_4,2,square,35.11929,-119.62958,05/06/2022,28.5,20.68,,,
364,ng,Carrizo,Carrizo_4,3,square,35.11912,-119.62968,05/06/2022,27.44,21.73,,,
367,ng,Carrizo,Carrizo_4,4,square,35.11908,-119.62946,05/06/2022,27.96,22.88,,,
370,ng,Carrizo,Carrizo_4,5,square,35.1191,-11962942,05/06/2022,28.34,21.35,,,
373,ng,Carrizo,Carrizo_4,6,square,35.11912,-119.62924,05/06/2022,28.95,20.43,,,
376,ng,Carrizo,Carrizo_4,7,square,35.11908,-119.62905,05/06/2022,28.68,19.94,,,
379,ng,Carrizo,Carrizo_4,8,square,35.11881,-119.6291,05/06/2022,29.51,20.1,,,
137,ng,Carrizo,Carrizo_4,1,square,35.11949,-119.62963,05/11/2022,14.79,25.22,,,
140,ng,Carrizo,Carrizo_4,2,square,35.11929,-119.62958,05/11/2022,19.04,23.39,,,
143,ng,Carrizo,Carrizo_4,3,square,35.11912,-119.62968,05/11/2022,16.93,23.88,,,
146,ng,Carrizo,Carrizo_4,4,square,35.11908,-119.62946,05/11/2022,17.73,25.24,,,
149,ng,Carrizo,Carrizo_4,5,square,35.1191,-11962942,05/11/2022,15.29,26.61,,,
152,ng,Carrizo,Carrizo_4,6,square,35.11912,-119.62924,05/11/2022,16.17,27.83,,,
155,ng,Carrizo,Carrizo_4,7,square,35.11908,-119.62905,05/11/2022,13.74,28.66,,,
158,ng,Carrizo,Carrizo_4,8,square,35.11881,-119.6291,05/11/2022,14.63,27.87,,,
389,ng,Carrizo,Carrizo_Soda Lake,1,square,35.05621,-119.60119,05/11/2022,18.8,18.76,,,
391,ng,Carrizo,Carrizo_Soda Lake,2,square,35.05614,-119.60146,05/11/2022,19.93,17.78,,,
393,ng,Carrizo,Carrizo_Soda Lake,3,square,35.0562,-119.60149,05/11/2022,18.57,18.5,,,
395,ng,Carrizo,Carrizo_Soda Lake,4,square,35.05627,-119.60138,05/11/2022,18.49,18.66,,,
897,ng,Mojave,Tecopa,1,square,35.85309,-116.18443,05/14/2022,38.95,6.19,,,
900,ng,Mojave,Tecopa,2,square,35.85297,-116.18407,05/14/2022,38.83,5.61,,,
903,ng,Mojave,Tecopa,3,square,35.85294,-116.18396,05/14/2022,39.32,6.45,,,
906,ng,Mojave,Tecopa,4,square,35.85303,-116.18407,05/14/2022,38.71,5.22,,,
957,ng,Mojave,Tecopa_open,1,square,35.85541,-116.17905,05/14/2022,37.44,5.75,,,
959,ng,Mojave,Tecopa_open,2,square,35.85546,-116.17902,05/14/2022,37.48,5.39,,,
405,ng,Carrizo,Carrizo_Soda Lake,1,square,35.05621,-119.60119,05/16/2022,25.2,19.34,,,
407,ng,Carrizo,Carrizo_Soda Lake,2,square,35.05614,-119.60146,05/16/2022,24.34,20.82,,,
409,ng,Carrizo,Carrizo_Soda Lake,3,square,35.0562,-119.60149,05/16/2022,25.35,20.14,,,
411,ng,Carrizo,Carrizo_Soda Lake,4,square,35.05627,-119.60138,05/16/2022,25.76,19.48,,,
162,ng,Carrizo,Carrizo_4,1,square,35.11949,-119.62963,05/17/2022,27.56,17.04,,,
168,ng,Carrizo,Carrizo_4,2,square,35.11929,-119.62958,05/17/2022,25.01,18.92,,,
174,ng,Carrizo,Carrizo_4,3,square,35.11912,-119.62968,05/17/2022,27.81,16.61,,,
180,ng,Carrizo,Carrizo_4,4,square,35.11908,-119.62946,05/17/2022,26.56,18.23,,,
186,ng,Carrizo,Carrizo_4,5,square,35.1191,-11962942,05/17/2022,25.77,18.51,,,
192,ng,Carrizo,Carrizo_4,6,square,35.11912,-119.62924,05/17/2022,28.03,16.25,,,
198,ng,Carrizo,Carrizo_4,7,square,35.11908,-119.62905,05/17/2022,26.43,17.74,,,
204,ng,Carrizo,Carrizo_4,8,square,35.11881,-119.6291,05/17/2022,26.98,16.44,,,
421,ng,Carrizo,Carrizo_Soda Lake,1,square,35.05621,-119.60119,05/21/2022,26.55,14.26,,,
423,ng,Carrizo,Carrizo_Soda Lake,2,square,35.05614,-119.60146,05/21/2022,18.36,12.81,,,
425,ng,Carrizo,Carrizo_Soda Lake,3,square,35.0562,-119.60149,05/21/2022,26.82,13.8,,,
427,ng,Carrizo,Carrizo_Soda Lake,4,square,35.05627,-119.60138,05/21/2022,27.1,13.8,,,
210,ng,Carrizo,Carrizo_4,1,square,35.11949,-119.62963,05/22/2022,24.29,17.9,,,
213,ng,Carrizo,Carrizo_4,2,square,35.11929,-119.62958,05/22/2022,24.75,17.65,,,
216,ng,Carrizo,Carrizo_4,3,square,35.11912,-119.62968,05/22/2022,26.29,15.69,,,
219,ng,Carrizo,Carrizo_4,4,square,35.11908,-119.62946,05/22/2022,25.63,16.19,,,
222,ng,Carrizo,Carrizo_4,5,square,35.1191,-11962942,05/22/2022,26.22,15.82,,,
225,ng,Carrizo,Carrizo_4,6,square,35.11912,-119.62924,05/22/2022,26.39,15.15,,,
228,ng,Carrizo,Carrizo_4,7,square,35.11908,-119.62905,05/22/2022,25.56,16.15,,,
231,ng,Carrizo,Carrizo_4,8,square,35.11881,-119.6291,05/22/2022,26.29,15.71,,,
909,ng,Mojave,Tecopa,1,square,35.85309,-116.18443,05/26/2022,39.59,9.67,,,
912,ng,Mojave,Tecopa,2,square,35.85297,-116.18407,05/26/2022,40.11,9.25,,,
915,ng,Mojave,Tecopa,3,square,35.85294,-116.18396,05/26/2022,39.63,9.54,,,
918,ng,Mojave,Tecopa,4,square,35.85303,-116.18407,05/26/2022,39.49,9.63,,,
437,ng,Carrizo,Carrizo_Soda Lake,1,square,35.05621,-119.60119,05/28/2022,21.9,37.7,,,
439,ng,Carrizo,Carrizo_Soda Lake,2,square,35.05614,-119.60146,05/28/2022,22.34,36.6,,,
441,ng,Carrizo,Carrizo_Soda Lake,3,square,35.0562,-119.60149,05/28/2022,21.32,37.68,,,
443,ng,Carrizo,Carrizo_Soda Lake,4,square,35.05627,-119.60138,05/28/2022,22.67,35.12,,,
234,ng,Carrizo,Carrizo_4,1,square,35.11949,-119.62963,05/29/2022,22.43,38.45,,,
237,ng,Carrizo,Carrizo_4,2,square,35.11929,-119.62958,05/29/2022,21.92,38.37,,,
240,ng,Carrizo,Carrizo_4,3,square,35.11912,-119.62968,05/29/2022,21.65,38.2,,,
243,ng,Carrizo,Carrizo_4,4,square,35.11908,-119.62946,05/29/2022,22.3,34.72,,,
246,ng,Carrizo,Carrizo_4,5,square,35.1191,-11962942,05/29/2022,23.15,36.76,,,
249,ng,Carrizo,Carrizo_4,6,square,35.11912,-119.62924,05/29/2022,21.8,36.89,,,
252,ng,Carrizo,Carrizo_4,7,square,35.11908,-119.62905,05/29/2022,20.55,37.23,,,
255,ng,Carrizo,Carrizo_4,8,square,35.11881,-119.6291,05/29/2022,22,37.27,,,
453,ng,Carrizo,Carrizo_Soda Lake,1,square,35.05621,-119.60119,06/06/2022,21.54,59.17,,,
455,ng,Carrizo,Carrizo_Soda Lake,2,square,35.05614,-119.60146,06/06/2022,,,,,
457,ng,Carrizo,Carrizo_Soda Lake,3,square,35.0562,-119.60149,06/06/2022,23.41,53.61,,,
459,ng,Carrizo,Carrizo_Soda Lake,4,square,35.05627,-119.60138,06/06/2022,22.8,54.91,,,
922,ng,Mojave,Tecopa,1,triangle,35.85309,-116.18443,03/06/2022,30.35,18.12,,,
925,ng,Mojave,Tecopa,2,triangle,35.85297,-116.18407,03/06/2022,30.52,17.4,,,
928,ng,Mojave,Tecopa,3,triangle,35.85294,-116.18396,03/06/2022,30.91,17.29,,,
931,ng,Mojave,Tecopa,4,triangle,35.85303,-116.18407,03/06/2022,,,,,
934,ng,Mojave,Tecopa,5,triangle,35.85309,-116.18443,03/06/2022,32.21,16.14,,,
937,ng,Mojave,Tecopa,6,triangle,35.85309,-116.18443,03/06/2022,31.44,16.88,,,
940,ng,Mojave,Tecopa,7,triangle,35.85309,-116.18443,03/06/2022,31.44,16.88,,,
943,ng,Mojave,Tecopa,8,triangle,35.85309,-116.18443,03/06/2022,,,,,
898,ng,Mojave,Tecopa,1,triangle,35.85309,-116.18443,05/14/2022,38.77,5.07,,,
901,ng,Mojave,Tecopa,2,triangle,35.85297,-116.18407,05/14/2022,38.76,5.27,,,
904,ng,Mojave,Tecopa,3,triangle,35.85294,-116.18396,05/14/2022,39.13,4.92,,,
907,ng,Mojave,Tecopa,4,triangle,35.85303,-116.18407,05/14/2022,38.24,5.16,,,
956,ng,Mojave,Tecopa_open,1,triangle,35.85541,-116.17905,05/14/2022,37.25,6.27,,,
958,ng,Mojave,Tecopa_open,2,triangle,35.85546,-116.17902,05/14/2022,37.36,5.46,,,
910,ng,Mojave,Tecopa,1,triangle,35.85309,-116.18443,05/26/2022,39.68,9.49,,,
913,ng,Mojave,Tecopa,2,triangle,35.85297,-116.18407,05/26/2022,40.36,9.15,,,
916,ng,Mojave,Tecopa,3,triangle,35.85294,-116.18396,05/26/2022,39.05,9.81,,,
919,ng,Mojave,Tecopa,4,triangle,35.85303,-116.18407,05/26/2022,39.42,9.52,,,
359,ng,Carrizo,Carrizo_4,1,triangle ,35.11949,-119.62963,05/06/2022,28.49,21.4,,,
362,ng,Carrizo,Carrizo_4,2,triangle ,35.11929,-119.62958,05/06/2022,27.43,20.9,,,
365,ng,Carrizo,Carrizo_4,3,triangle ,35.11912,-119.62968,05/06/2022,27.59,20.92,,,
368,ng,Carrizo,Carrizo_4,4,triangle ,35.11908,-119.62946,05/06/2022,28.13,20.92,,,
371,ng,Carrizo,Carrizo_4,5,triangle ,35.1191,-11962942,05/06/2022,28.56,20.34,,,
374,ng,Carrizo,Carrizo_4,6,triangle ,35.11912,-119.62924,05/06/2022,28.7,19.87,,,
377,ng,Carrizo,Carrizo_4,7,triangle ,35.11908,-119.62905,05/06/2022,29.02,20.15,,,
380,ng,Carrizo,Carrizo_4,8,triangle ,35.11881,-119.6291,05/06/2022,29.46,20.11,,,
138,ng,Carrizo,Carrizo_4,1,triangle ,35.11949,-119.62963,05/11/2022,15.71,28.87,,,
141,ng,Carrizo,Carrizo_4,2,triangle ,35.11929,-119.62958,05/11/2022,15.8,25.5,,,
144,ng,Carrizo,Carrizo_4,3,triangle ,35.11912,-119.62968,05/11/2022,16.32,25.8,,,
147,ng,Carrizo,Carrizo_4,4,triangle ,35.11908,-119.62946,05/11/2022,17.02,25.91,,,
150,ng,Carrizo,Carrizo_4,5,triangle ,35.1191,-11962942,05/11/2022,14.62,27.37,,,
153,ng,Carrizo,Carrizo_4,6,triangle ,35.11912,-119.62924,05/11/2022,16.47,25.55,,,
156,ng,Carrizo,Carrizo_4,7,triangle ,35.11908,-119.62905,05/11/2022,14.6,28.4,,,
159,ng,Carrizo,Carrizo_4,8,triangle ,35.11881,-119.6291,05/11/2022,14.36,28.32,,,
390,ng,Carrizo,Carrizo_Soda Lake,1,triangle ,35.05621,-119.60119,05/11/2022,18.48,18.66,,,
392,ng,Carrizo,Carrizo_Soda Lake,2,triangle ,35.05614,-119.60146,05/11/2022,18.46,18.63,,,
394,ng,Carrizo,Carrizo_Soda Lake,3,triangle ,35.0562,-119.60149,05/11/2022,20.41,16.91,,,
396,ng,Carrizo,Carrizo_Soda Lake,4,triangle ,35.05627,-119.60138,05/11/2022,19.03,18.5,,,
406,ng,Carrizo,Carrizo_Soda Lake,1,triangle ,35.05621,-119.60119,05/16/2022,25.07,19.17,,,
408,ng,Carrizo,Carrizo_Soda Lake,2,triangle ,35.05614,-119.60146,05/16/2022,24.02,20.77,,,
410,ng,Carrizo,Carrizo_Soda Lake,3,triangle ,35.0562,-119.60149,05/16/2022,25.46,19.51,,,
412,ng,Carrizo,Carrizo_Soda Lake,4,triangle ,35.05627,-119.60138,05/16/2022,24.05,20.53,,,
164,ng,Carrizo,Carrizo_4,1,triangle ,35.11949,-119.62963,05/17/2022,27.84,17.32,,,
170,ng,Carrizo,Carrizo_4,2,triangle ,35.11929,-119.62958,05/17/2022,25.7,18.6,,,
176,ng,Carrizo,Carrizo_4,3,triangle ,35.11912,-119.62968,05/17/2022,27.32,17.12,,,
182,ng,Carrizo,Carrizo_4,4,triangle ,35.11908,-119.62946,05/17/2022,26.89,17.75,,,
188,ng,Carrizo,Carrizo_4,5,triangle ,35.1191,-11962942,05/17/2022,26.52,18.38,,,
194,ng,Carrizo,Carrizo_4,6,triangle ,35.11912,-119.62924,05/17/2022,28.25,16.02,,,
200,ng,Carrizo,Carrizo_4,7,triangle ,35.11908,-119.62905,05/17/2022,27.21,17.13,,,
206,ng,Carrizo,Carrizo_4,8,triangle ,35.11881,-119.6291,05/17/2022,27.33,16.33,,,
422,ng,Carrizo,Carrizo_Soda Lake,1,triangle ,35.05621,-119.60119,05/21/2022,27.21,13.59,,,
424,ng,Carrizo,Carrizo_Soda Lake,2,triangle ,35.05614,-119.60146,05/21/2022,27.58,13.26,,,
426,ng,Carrizo,Carrizo_Soda Lake,3,triangle ,35.0562,-119.60149,05/21/2022,26.95,13.65,,,
428,ng,Carrizo,Carrizo_Soda Lake,4,triangle ,35.05627,-119.60138,05/21/2022,28.46,13.15,,,
211,ng,Carrizo,Carrizo_4,1,triangle ,35.11949,-119.62963,05/22/2022,24.37,17.66,,,
214,ng,Carrizo,Carrizo_4,2,triangle ,35.11929,-119.62958,05/22/2022,24.58,17.54,,,
217,ng,Carrizo,Carrizo_4,3,triangle ,35.11912,-119.62968,05/22/2022,26.16,18.75,,,
220,ng,Carrizo,Carrizo_4,4,triangle ,35.11908,-119.62946,05/22/2022,25.26,16.46,,,
223,ng,Carrizo,Carrizo_4,5,triangle ,35.1191,-11962942,05/22/2022,25.01,16.64,,,
226,ng,Carrizo,Carrizo_4,6,triangle ,35.11912,-119.62924,05/22/2022,26.39,15.54,,,
229,ng,Carrizo,Carrizo_4,7,triangle ,35.11908,-119.62905,05/22/2022,26.2,16.3,,,
232,ng,Carrizo,Carrizo_4,8,triangle ,35.11881,-119.6291,05/22/2022,2.28,16.23,,,
438,ng,Carrizo,Carrizo_Soda Lake,1,triangle ,35.05621,-119.60119,05/28/2022,23.1,39.68,,,
440,ng,Carrizo,Carrizo_Soda Lake,2,triangle ,35.05614,-119.60146,05/28/2022,23.39,35.29,,,
442,ng,Carrizo,Carrizo_Soda Lake,3,triangle ,35.0562,-119.60149,05/28/2022,22.04,37.01,,,
444,ng,Carrizo,Carrizo_Soda Lake,4,triangle ,35.05627,-119.60138,05/28/2022,25,32.3,,,
235,ng,Carrizo,Carrizo_4,1,triangle ,35.11949,-119.62963,05/29/2022,20.49,40.54,,,
238,ng,Carrizo,Carrizo_4,2,triangle ,35.11929,-119.62958,05/29/2022,22.91,35.25,,,
241,ng,Carrizo,Carrizo_4,3,triangle ,35.11912,-119.62968,05/29/2022,20.69,39.32,,,
244,ng,Carrizo,Carrizo_4,4,triangle ,35.11908,-119.62946,05/29/2022,22.38,37.63,,,
247,ng,Carrizo,Carrizo_4,5,triangle ,35.1191,-11962942,05/29/2022,22.73,37,,,
250,ng,Carrizo,Carrizo_4,6,triangle ,35.11912,-119.62924,05/29/2022,21.39,38,,,
253,ng,Carrizo,Carrizo_4,7,triangle ,35.11908,-119.62905,05/29/2022,20.82,38.09,,,
256,ng,Carrizo,Carrizo_4,8,triangle ,35.11881,-119.6291,05/29/2022,21.49,37.45,,,
454,ng,Carrizo,Carrizo_Soda Lake,1,triangle ,35.05621,-119.60119,06/06/2022,22.85,56.85,,,
456,ng,Carrizo,Carrizo_Soda Lake,2,triangle ,35.05614,-119.60146,06/06/2022,22.32,57.79,,,
458,ng,Carrizo,Carrizo_Soda Lake,3,triangle ,35.0562,-119.60149,06/06/2022,,,,,
460,ng,Carrizo,Carrizo_Soda Lake,4,triangle ,35.05627,-119.60138,06/06/2022,22.14,55.61,,,